dong,road_addr,jibun,lat,lng,precision
광장동,광장로5길 11-6,285-4,37.547987,127.104761,building
광장동,광장로5길 12-6,272-10,37.548296,127.105384,building
광장동,아차산로 607,329-1,37.547298,127.105983,building
광장동,아차산로69길 14,413-15,37.542685,127.098516,building
광장동,아차산로73길 41,247-2,37.546466,127.102602,building
광장동,아차산로75길 13,249-1,37.546185,127.104388,building
광장동,아차산로75길 43,247-10,37.546768,127.102818,building
광장동,아차산로78가길 30,148-21,37.548779,127.108834,building
광장동,아차산로78가길 36-13,340-6,37.548536,127.108103,building
광장동,아차산로78가길 36-4,182-8,37.548589,127.108541,building
광장동,아차산로78가길 42-3,340-11,37.548348,127.108273,building
광장동,아차산로78길 18,125,37.550108,127.109852,building
광장동,아차산로78길 33,120,37.550752,127.109264,building
광장동,아차산로78길 56,108,37.551311,127.110085,building
광장동,아차산로78길 75,102,37.551579,127.110973,building
광장동,천호대로 796,396-13,37.545439,127.101864,building
광장동,천호대로141길 10-7,247-22,37.546303,127.102646,building
구의동,강변역로2길 33,587-55,37.536749,127.090376,building
구의동,광나루로 486,253-19,37.544636,127.083156,building
구의동,광나루로 517-11,67-19,37.545526,127.08711,building
구의동,광나루로30가길 16-6,638-3,37.543807,127.082673,building
구의동,광나루로30가길 6,640-1,37.544176,127.082204,building
구의동,광나루로30가길 9,633-16,37.544279,127.082615,building
구의동,광나루로30길 3,633-4,37.544937,127.082456,building
구의동,광나루로30길 47,650-2,37.543099,127.081508,building
구의동,광나루로30길 9,633-5,37.544628,127.082343,building
구의동,광나루로30나길 12-3,643-2,37.543367,127.082286,building
구의동,광나루로30나길 12-4,642-6,37.54346,127.082152,building
구의동,광나루로30나길 15,638-5,,,none
구의동,광나루로30나길 18-7,644-3,37.54319,127.082556,parcel
구의동,광나루로30나길 30-5,646-2,37.543073,127.08329,building
구의동,광나루로30다길 7,642-3,37.543303,127.081929,building
구의동,광나루로37길 10-9,66-78,37.545355,127.088109,building
구의동,광나루로37길 13,67-3,37.545596,127.087655,building
구의동,광나루로38길 5,230-32,37.544567,127.088431,building
구의동,광나루로38길 59,239-112,37.542163,127.087553,building
구의동,광나루로38길 65-5,239-97,37.54204,127.087664,building
구의동,광나루로38길 65-7,239-92,37.542028,127.087849,building
구의동,광나루로38길 79,240-8,37.54135,127.087204,building
구의동,광나루로39길 7,66-34,37.545312,127.089053,building
구의동,광나루로40길 35,226-17,37.543162,127.089336,building
구의동,광나루로40길 43,225-18,37.542768,127.089248,building
구의동,광나루로40길 48-10,239-8,37.542771,127.088468,building
구의동,광나루로40길 48-5,239-11,37.542597,127.088759,building
구의동,광나루로40길 48-8,239-5,37.542805,127.08864,building
구의동,광나루로40길 51-6,225-73,37.542321,127.089424,building
구의동,광나루로40길 54-4,239-118,37.542452,127.088811,building
구의동,광나루로40길 54-6,239-119,37.542473,127.088673,building
구의동,광나루로40길 64,239-32,37.541974,127.088843,building
구의동,광나루로44길 29,204-25,37.542944,127.091424,building
구의동,광나루로44길 39,208-11,37.542544,127.091321,building
구의동,광나루로44길 58,224-57,37.541775,127.091019,building
구의동,광나루로46길 24-10,204-15,37.542944,127.091811,building
구의동,광나루로46길 24-7,204-42,37.542697,127.091961,building
구의동,광나루로46길 24-9,204-15,37.54274,127.091762,building
구의동,광나루로46길 47,207-9,37.541602,127.092407,building
구의동,광나루로50길 17,206-2,37.541984,127.093397,building
구의동,광나루로52길 110-5,220-26,37.539324,127.089948,building
구의동,광나루로52길 110-8,220-20,37.539399,127.090155,building
구의동,광나루로52길 19,200-12,37.540886,127.094382,building
구의동,광나루로52길 20,206-11,37.541182,127.094169,building
구의동,광나루로52길 34-3,211-9,37.540727,127.093429,building
구의동,광나루로52길 37,212-11,37.540401,127.093603,building
구의동,광나루로52길 40,211-26,37.540586,127.093335,building
구의동,광나루로52길 41-6,212-31,37.540165,127.093422,building
구의동,광나루로52길 44-3,211-16,37.540465,127.093018,building
구의동,광나루로52길 62,210-8,37.539967,127.092378,building
구의동,광나루로52길 64-3,210-10,37.539905,127.092174,building
구의동,광나루로52길 68,210-21,37.539763,127.092045,building
구의동,광나루로52길 70,210-22,37.539662,127.091883,building
구의동,광나루로54길 20,199-14,37.540161,127.095282,building
구의동,광나루로54길 83,215-1,37.537622,127.094462,building
구의동,구의강변로 27,598-2,37.533349,127.091299,building
구의동,구의강변로 31-10,596-13,37.533827,127.091024,building
구의동,구의강변로 31-14,596-11,37.533744,127.090747,building
구의동,구의강변로 31-16,596-10,37.533701,127.090606,building
구의동,구의강변로 64,589-10,37.536417,127.092968,building
구의동,구의강변로 92,214-10,37.538601,127.094187,building
구의동,구의강변로3가길 4,587-63,37.535895,127.091802,building
구의동,구의강변로3길 27,590-14,37.536138,127.090633,building
구의동,구의강변로7길 11,217-29,37.538389,127.093028,building
구의동,구의강변로7길 14,217-17,37.538566,127.093086,building
구의동,구의강변로7길 9,217-28,37.538286,127.093132,building
구의동,구의로 19-10,221-78,37.539546,127.088922,building
구의동,구의로 19-2,221-49,37.539824,127.089232,building
구의동,구의로 20-1,220-7,37.539801,127.089644,building
구의동,구의로 20-3,220-6,37.539769,127.089783,building
구의동,구의로 22,220-60,37.539861,127.089894,building
구의동,구의로 27,222-30,37.540412,127.08948,building
구의동,구의로 35-1,222-2,37.54116,127.089663,building
구의동,구의로 41,225-56,37.541784,127.08981,building
구의동,구의로 45-6,225-51,37.542177,127.089683,building
구의동,구의로 47-15,225-47,37.542599,127.089823,building
구의동,구의로 47-6,225-43,37.542317,127.089773,building
구의동,구의로 53-1,225-1,37.542769,127.090014,building
구의동,구의로 57-1,226-64,37.54313,127.090037,building
구의동,구의로 62-1,227-42,37.543463,127.090508,building
구의동,구의로 66,227-6,37.543756,127.090608,building
구의동,구의로10길 13,224-35,37.542234,127.090828,building
구의동,구의로10길 14,224-52,37.542045,127.090782,building
구의동,구의로10길 16,224-53,37.542019,127.090948,building
구의동,구의로11길 23,231-8,37.543437,127.088998,building
구의동,구의로11길 24,231-59,37.543661,127.088955,building
구의동,구의로11길 36,231-4,37.543726,127.088314,building
구의동,구의로12길 16,227-26,37.543153,127.090926,building
구의동,구의로12길 5,227-38,37.543073,127.090604,building
구의동,구의로14길 5,227-21,37.543715,127.090782,building
구의동,구의로14길 6,227-34,37.543575,127.090726,building
구의동,구의로16길 81,201-18,37.541902,127.09418,building
구의동,구의로3길 14,241-40,37.540375,127.087827,building
구의동,구의로3길 5,241-8,37.540117,127.088161,building
구의동,구의로4길 68,211-34,37.54109,127.093016,building
구의동,구의로4길 68-12,211-37,37.540898,127.093143,building
구의동,구의로4길 7-12,223-73,37.5406,127.090236,building
구의동,구의로4길 7-4,223-60,37.540154,127.090122,building
구의동,구의로4길 7-5,223-63,37.540319,127.089966,building
구의동,구의로4길 74,211-29,37.541275,127.093308,building
구의동,구의로6길 12,223-33,37.541379,127.090548,building
구의동,구의로6길 24-10,209-66,37.54102,127.091158,building
구의동,구의로6길 25,208-43,37.541493,127.091402,building
구의동,구의로8길 6,224-17,37.541729,127.090331,building
구의동,구의로9길 4,239-39,37.542266,127.088773,building
구의동,구의로9길 5,239-41,37.542057,127.088588,building
구의동,뚝섬로 732,596-8,37.53386,127.090427,building
구의동,뚝섬로 734,596-9,37.533934,127.090685,building
구의동,뚝섬로 736,596-3,37.534066,127.090895,building
구의동,뚝섬로66길 3,596,37.533834,127.090201,building
구의동,뚝섬로67길 27,591-18,37.535575,127.090652,building
구의동,뚝섬로67길 35,591-22,37.535788,127.090793,building
구의동,아차산로 375,246-14,37.537117,127.084378,building
구의동,아차산로 391,246-38,37.537494,127.086121,building
구의동,아차산로 405,243-71,37.537842,127.087595,building
구의동,아차산로 417,243-13,37.538126,127.088876,building
구의동,아차산로 431,667,37.538647,127.090163,building
구의동,아차산로 443,219-17,37.538928,127.091655,building
구의동,아차산로 444,218-15,37.538538,127.091936,building
구의동,아차산로 452,218-12,37.538913,127.092754,building
구의동,아차산로 480,199-8,37.540472,127.095217,building
구의동,아차산로49길 104,251-143,37.54141,127.084825,building
구의동,아차산로49길 28-5,252-110,37.538214,127.084671,building
구의동,아차산로49길 28-6,252-121,37.538053,127.084647,building
구의동,아차산로49길 34-4,252-128,37.538329,127.084576,building
구의동,아차산로49길 34-6,252-129,37.538344,127.084715,building
구의동,아차산로49길 36,252-125,37.538495,127.084411,building
구의동,아차산로49길 38,252-84,37.538592,127.084395,building
구의동,아차산로49길 41-7,252-98,37.53888,127.083952,building
구의동,아차산로49길 49,252-13,37.539057,127.084122,building
구의동,아차산로49길 55,252-45,37.539336,127.084099,building
구의동,아차산로49길 68-2,251-64,37.539894,127.084378,building
구의동,아차산로49길 68-3,251-68,37.540045,127.084396,building
구의동,아차산로49길 73-6,251-86,37.540344,127.083922,building
구의동,아차산로49길 75,251-88,37.540294,127.084166,building
구의동,아차산로49길 87-3,251-176,37.540773,127.084177,building
구의동,아차산로49길 87-4,251-167,37.540953,127.084255,building
구의동,아차산로49길 93,251-171,37.541024,127.08446,building
구의동,아차산로49길 95,251-170,37.541136,127.084507,building
구의동,아차산로51길 68,248-18,37.540056,127.085063,building
구의동,아차산로51길 68-7,248-39,37.539987,127.085347,building
구의동,아차산로51길 82,248-94,37.540579,127.085298,building
구의동,아차산로53길 24,257-13,37.538297,127.085924,building
구의동,아차산로53길 37,257-56,37.538911,127.085661,building
구의동,아차산로53길 38-14,257-28,37.539237,127.086178,building
구의동,아차산로53길 38-18,257-29,37.539373,127.08601,building
구의동,아차산로53길 45,257-16,37.539228,127.08564,building
구의동,아차산로53길 51-10,257-40,37.539546,127.085191,building
구의동,아차산로53길 51-4,257-38,37.539587,127.085478,building
구의동,아차산로53길 60,248-43,37.539863,127.085815,building
구의동,아차산로53길 71-4,248-104,37.540523,127.085764,building
구의동,아차산로55길 11,246-1,37.537925,127.0864,building
구의동,아차산로55길 29,257-104,37.538674,127.086375,building
구의동,아차산로55길 31,257-8,37.538805,127.086359,building
구의동,아차산로55길 47,257-3,37.539511,127.086319,building
구의동,아차산로55길 57-3,248-7,37.539959,127.0862,building
구의동,아차산로55길 62-16,241-10,37.540248,127.087276,building
구의동,아차산로55길 78,241-36,37.540792,127.086952,building
구의동,아차산로57길 14-5,221-10,37.539236,127.088697,building
구의동,아차산로57길 20-5,221-11,37.5394,127.088733,building
구의동,아차산로57길 37,241-72,37.540266,127.088444,building
구의동,아차산로57길 5-7,242-53,37.538698,127.087786,building
구의동,아차산로58가길 18,591-15,37.53583,127.090352,building
구의동,아차산로58나길 7-7,591-4,37.535471,127.089877,building
구의동,아차산로59길 23,220-51,37.539499,127.090593,building
구의동,아차산로59길 24,210-69,37.539545,127.090812,building
구의동,아차산로59길 57,223-25,37.541038,127.090767,building
구의동,아차산로59길 64,209-57,37.541197,127.091012,building
구의동,아차산로59길 66,209-14,37.541365,127.091052,building
구의동,아차산로61길 26,210-62,37.539959,127.091672,building
구의동,아차산로61길 47,209-10,37.540929,127.091666,building
구의동,아차산로62길 14-12,218-13,37.538807,127.093046,building
구의동,아차산로62길 14-17,217-13,37.538595,127.093236,building
구의동,아차산로63길 24,211-22,37.540612,127.092479,building
구의동,아차산로65길 22,206-42,37.541266,127.093792,building
구의동,아차산로65길 26-4,206-20,37.54142,127.093779,building
구의동,아차산로65길 36,206-44,37.541751,127.093262,building
구의동,아차산로65길 38,206-3,37.541847,127.093142,building
구의동,영화사로13길 20,553-6,37.555189,127.094611,building
구의동,영화사로16가길 11,21-4,37.554001,127.095675,building
구의동,영화사로16가길 14,22-16,37.553934,127.095355,building
구의동,영화사로16가길 21-12,23-43,37.553237,127.095887,building
구의동,영화사로16가길 5,21-2,37.55421,127.095867,building
구의동,영화사로16길 10,22-1,37.554333,127.095282,building
구의동,영화사로16길 15,20-9,37.554529,127.095711,building
구의동,영화사로16길 34-12,21-24,37.553811,127.09598,building
구의동,영화사로16길 34-14,21-28,37.553679,127.095926,building
구의동,영화사로16나길 7,23-32,37.55342,127.09683,building
구의동,자양로 116,252-16,37.538101,127.083771,building
구의동,자양로 138,251-34,37.539963,127.083495,building
구의동,자양로 144,251-31,37.540436,127.083637,building
구의동,자양로 144-1,251-26,37.540537,127.083694,building
구의동,자양로 146,251-25,37.540654,127.083698,building
구의동,자양로 154-11,251-16,37.541319,127.084549,building
구의동,자양로 154-16,251-165,37.541055,127.084078,building
구의동,자양로 154-24,251-168,37.541064,127.084315,building
구의동,자양로 154-30,251-169,37.541178,127.084357,building
구의동,자양로 154-5,251-160,37.541397,127.08424,building
구의동,자양로 156,251-157,37.541458,127.084056,building
구의동,자양로 172-6,236-26,37.542743,127.084799,building
구의동,자양로 176,236-47,37.543187,127.08479,building
구의동,자양로 178-12,236-35,37.543275,127.085025,building
구의동,자양로 178-14,236-49,37.54311,127.084949,building
구의동,자양로 178-18,236-9,37.542892,127.084857,building
구의동,자양로 210-1,68-28,37.545869,127.086488,building
구의동,자양로 211,80-29,37.546276,127.086319,building
구의동,자양로 260,71-5,37.549185,127.090185,building
구의동,자양로 295,49-3,37.552096,127.092289,building
구의동,자양로18길 34-5,246-68,37.537613,127.085528,building
구의동,자양로18길 67-7,242-137,37.538663,127.087101,building
구의동,자양로18길 67-9,242-120,37.538751,127.087087,building
구의동,자양로18길 84,243-56,37.538347,127.0881,building
구의동,자양로18길 90-3,243-48,37.538421,127.088622,building
구의동,자양로18길 96,243-2,37.538561,127.088792,building
구의동,자양로18길 97-10,221-39,37.539135,127.089013,building
구의동,자양로18길 97-9,221-24,37.539173,127.088809,building
구의동,자양로22길 21-4,251-45,37.539797,127.084586,building
구의동,자양로22길 21-6,251-63,37.539907,127.084587,building
구의동,자양로22길 3-1,251-37,37.539816,127.083596,building
구의동,자양로22길 45,248-8,37.539794,127.085965,building
구의동,자양로22길 49,248-148,37.539807,127.086129,building
구의동,자양로22길 60,242-103,37.539654,127.086682,building
구의동,자양로22길 67,241-11,37.539887,127.087195,building
구의동,자양로22길 68,242-37,37.539697,127.087128,building
구의동,자양로22길 70,242-35,37.539708,127.087308,building
구의동,자양로22길 71,241-62,37.539901,127.087344,building
구의동,자양로22길 74-13,242-108,37.539257,127.087666,building
구의동,자양로22길 75,241-60,37.539904,127.087552,building
구의동,자양로22길 76,242-5,37.539746,127.0876,building
구의동,자양로22길 79,241-52,37.53994,127.087935,building
구의동,자양로22길 9-12,251-120,37.540052,127.083911,building
구의동,자양로22길 9-14,251-91,37.540161,127.08395,building
구의동,자양로23가길 35,650-5,37.542872,127.081516,building
구의동,자양로23길 21,655-3,37.541574,127.082325,building
구의동,자양로23길 51,647-1,37.542671,127.083236,building
구의동,자양로23길 59,646-7,37.543027,127.083427,building
구의동,자양로23길 63,646-8,37.54312,127.083465,building
구의동,자양로23길 83-5,634-11,37.544019,127.083691,building
구의동,자양로23길 83-6,634-2,37.544174,127.083775,building
구의동,자양로23나길 24,649-4,37.54268,127.0819,building
구의동,자양로23나길 7,653-10,37.542182,127.08245,building
구의동,자양로23나길 7-8,653-8,37.542005,127.082314,building
구의동,자양로26길 16,251-1,37.541639,127.084928,building
구의동,자양로26길 20,251-140,37.541597,127.08505,building
구의동,자양로26길 33,249-19,37.54151,127.085959,building
구의동,자양로26길 39-7,249-14,37.541721,127.086239,building
구의동,자양로26길 41,249-37,37.541394,127.086285,building
구의동,자양로26길 44,248-1,37.541147,127.086342,building
구의동,자양로26길 57,240-10,37.541109,127.087102,building
구의동,자양로26길 60-6,241-33,37.54076,127.087038,building
구의동,자양로26길 61-7,240-13,37.541273,127.087325,building
구의동,자양로26길 68,241-50,37.5407,127.087643,building
구의동,자양로26길 91-8,222-42,37.540745,127.089055,building
구의동,자양로26길 92-13,221-75,37.5398,127.088837,building
구의동,자양로26길 92-14,221-67,37.539862,127.088685,building
구의동,자양로26길 92-16,221-66,37.53972,127.088651,building
구의동,자양로26길 93,222-45,37.54043,127.088981,building
구의동,자양로26길 97-17,222-26,37.541082,127.089265,building
구의동,자양로26길 97-24,222-10,37.541305,127.089526,building
구의동,자양로26길 97-3,222-37,37.540491,127.089131,building
구의동,자양로28가길 21,236-5,37.54323,127.085337,building
구의동,자양로28가길 24,237-16,37.543293,127.08557,building
구의동,자양로28길 32,249-7,37.541923,127.085953,building
구의동,자양로28길 65,239-60,37.541796,127.087849,building
구의동,자양로28길 70,240-34,37.541549,127.088079,building
구의동,자양로28길 73-10,239-48,37.542041,127.088448,building
구의동,자양로28길 73-9,239-52,37.542077,127.08828,building
구의동,자양로29길 10,253-29,37.544236,127.084226,building
구의동,자양로29길 18,253-43,37.544407,127.083774,building
구의동,자양로30길 5-5,235-34,37.544118,127.085443,building
구의동,자양로30길 58-13,239-87,37.54255,127.087971,building
구의동,자양로30길 70,239-126,37.54295,127.088664,building
구의동,자양로30길 72,239-6,37.542928,127.088853,building
구의동,자양로30길 88,225-8,37.542814,127.089665,building
구의동,자양로30길 91,226-63,37.542984,127.089885,building
구의동,자양로30길 92,225-6,37.542788,127.089836,building
구의동,자양로32길 38-1,232-27,37.544144,127.087283,building
구의동,자양로32길 42,232-75,37.544106,127.087432,building
구의동,자양로32길 61,230-17,37.544207,127.088668,building
구의동,자양로32길 91-7,229-39,37.544348,127.090211,building
구의동,자양로36길 17-17,65-24,37.5466,127.088311,building
구의동,자양로36길 17-26,65-47,37.546789,127.088775,building
구의동,자양로37가길 18,80-53,37.547369,127.086841,building
구의동,자양로37가길 19,80-16,37.547259,127.086962,building
구의동,자양로37길 21,618-1,37.548184,127.086936,building
구의동,자양로37길 33,617-3,37.548362,127.086456,building
구의동,자양로40길 28,63-20,37.547576,127.090401,building
구의동,자양로40길 32,63-16,37.547498,127.090478,building
구의동,자양로40길 4,70-2,37.548297,127.089358,building
구의동,자양로41길 21,77-5,37.550108,127.089271,building
구의동,자양로41길 25-11,77-15,37.549914,127.088752,building
구의동,자양로41길 25-19,77-30,37.549669,127.088487,building
구의동,자양로41길 25-7,77-13,37.550042,127.088848,building
구의동,자양로41길 26-4,75-22,37.550458,127.089394,building
구의동,자양로41길 7-9,78-48,37.549459,127.089557,building
구의동,자양로42길 14,72-2,37.549003,127.090861,building
구의동,자양로42길 32,60-67,37.548551,127.091684,building
구의동,자양로42길 42-12,60-83,37.548337,127.091857,building
구의동,자양로42길 42-24,60-23,37.547999,127.091654,building
구의동,자양로42길 42-9,60-79,37.548052,127.091957,building
구의동,자양로42길 48,60-7,37.54822,127.092427,building
구의동,자양로42길 48-10,60-75,37.548077,127.092235,building
구의동,자양로44길 131,35-35,37.551375,127.096178,building
구의동,자양로44길 141-12,35-22,37.551537,127.09529,building
구의동,자양로44길 141-14,35-48,37.551458,127.095158,building
구의동,자양로44길 32-10,57-6,37.550032,127.092857,building
구의동,자양로44길 45,46-42,37.550181,127.094017,building
구의동,자양로44나길 16,43-4,37.550457,127.094991,building
구의동,자양로44나길 29,45-23,37.550976,127.094714,building
구의동,자양로45길 18-1,50-29,37.552134,127.091507,building
구의동,자양로46길 19,47-25,37.551058,127.092835,building
구의동,자양로46길 6,669,37.551098,127.092028,building
구의동,자양로46길 7,47-20,37.551269,127.092293,building
구의동,자양로46길 8,669,37.551037,127.092188,building
구의동,자양로49길 15-8,51-3,37.552614,127.091544,building
구의동,자양로49길 16-7,29-20,37.55311,127.092092,building
구의동,자양로50가길 37,26-3,37.553598,127.094251,building
구의동,자양로50길 6-2,48-23,37.551708,127.09267,building
구의동,자양로52길 25-9,24-8,37.552737,127.09494,building
구의동,자양로52길 3-4,26-9,37.553301,127.093825,building
구의동,자양로52길 4-5,31-20,37.552911,127.093496,building
구의동,천호대로 666,76-1,37.551328,127.089297,building
구의동,천호대로 670,75-1,37.551071,127.089594,building
구의동,천호대로129길 16-5,52-14,37.552462,127.090745,building
구의동,천호대로130길 22,76-14,37.550776,127.08871,building
구의동,천호대로130길 30,76-15,37.550443,127.088393,building
구의동,천호대로130길 59-11,614-11,37.548881,127.087764,building
구의동,천호대로131길 7,53-3,37.551671,127.090553,building
구의동,천호대로132길 15-1,78-47,37.549896,127.089572,building
구의동,천호대로132길 27-3,78-37,37.549503,127.089388,building
구의동,천호대로132길 49,79-2,37.548839,127.08835,building
구의동,천호대로132길 6-8,75-18,37.550712,127.089624,building
구의동,천호대로132길 60,614-12,37.548681,127.087762,building
구의동,천호대로134길 12,71-4,37.548866,127.090286,building
구의동,천호대로134길 13,72-41,37.548548,127.090439,building
구의동,천호대로134길 23,72-9,37.548342,127.090074,building
구의동,천호대로134길 52,70-16,37.547463,127.088815,building
구의동,천호대로135길 16,57-17,37.550225,127.092373,building
구의동,천호대로136길 16,72-1,37.548748,127.091184,building
구의동,천호대로136길 17-7,60-66,37.548457,127.091582,building
구의동,천호대로136길 22,72-22,37.548539,127.090954,building
구의동,천호대로136길 41,60-48,37.547784,127.090429,building
구의동,천호대로137길 22,58-7,37.55001,127.093418,building
구의동,천호대로137길 65,48-14,37.551814,127.093098,building
구의동,천호대로137길 9,57-30,37.549534,127.092769,building
군자동,광나루로 381,361-26,37.548202,127.072206,building
군자동,광나루로13길 15-6,355-22,37.548917,127.068299,building
군자동,광나루로13길 17,355-24,37.549012,127.06839,building
군자동,광나루로13길 3-4,355-21,37.548736,127.06844,building
군자동,광나루로13길 5,355-16,37.548653,127.068665,building
군자동,광나루로15길 14,358-7,37.548828,127.069643,building
군자동,광나루로15길 15,357-6,37.548947,127.069422,building
군자동,광나루로15길 18,358-5,37.54909,127.069697,building
군자동,광나루로15길 24,358-3,37.549339,127.069729,building
군자동,광나루로15길 27,352-7,37.549454,127.06953,building
군자동,광나루로17길 13-3,361-21,37.54819,127.072478,building
군자동,군자로 129-11,150-17,37.554135,127.07399,building
군자동,군자로 160-6,45-31,37.555035,127.076869,building
군자동,군자로 180,476-2,37.556542,127.078154,building
군자동,군자로 184,478-3,37.556879,127.078447,building
군자동,군자로 76,363-13,37.549956,127.071086,building
군자동,군자로10길 17,504,37.548958,127.071447,building
군자동,군자로10길 25,362-16,37.54911,127.072022,building
군자동,군자로10길 31,367-10,37.549283,127.07227,building
군자동,군자로15길 37,145-3,37.555209,127.07316,building
군자동,군자로15길 40,60-53,37.555232,127.073354,building
군자동,능동로 267-5,2-46,37.55399,127.077178,building
군자동,능동로23길 11-14,278,37.55238,127.075347,building
군자동,능동로23길 11-6,300,37.552293,127.075746,building
군자동,능동로23길 15,297,37.552267,127.075912,building
군자동,능동로25길 10-8,27-20,37.553402,127.076609,building
군자동,능동로25길 29,88-43,37.552675,127.075528,building
군자동,능동로25길 31,88-37,37.552658,127.075419,building
군자동,능동로27가길 5,27-19,37.553587,127.076544,building
군자동,능동로27나길 17,71-9,37.554065,127.075895,building
군자동,능동로29가길 24,200-1,37.555595,127.07793,building
군자동,능동로31길 12-10,477-6,37.556097,127.078209,building
군자동,능동로31길 12-8,477-7,37.555994,127.07813,building
군자동,능동로31길 13,45-34,37.555697,127.077608,building
군자동,능동로31길 23,475-9,37.555919,127.077089,building
군자동,능동로31길 28-12,474-13,37.556461,127.077413,building
군자동,능동로31길 8-3,477-8,37.555897,127.078072,building
군자동,동일로 190,355-5,37.548754,127.068124,building
군자동,동일로 194,355-1,37.549243,127.068342,building
군자동,동일로 294,91-1,37.55743,127.072995,building
군자동,동일로 300,464-5,37.557972,127.073299,building
군자동,동일로 302,464-4,37.558108,127.0734,building
군자동,동일로48길 16,130-39,37.553921,127.071522,building
군자동,동일로50길 19,117-52,37.554037,127.071929,building
군자동,동일로50길 22,130-23,37.553952,127.071713,building
군자동,동일로50길 39,116-3,37.554109,127.072503,building
군자동,동일로52길 13,117-24,37.554674,127.07204,building
군자동,동일로52길 15-10,117-21,37.554847,127.072345,building
군자동,동일로52길 23,117-11,37.554476,127.072565,building
군자동,동일로54길 15-8,142-33,37.555621,127.072783,building
군자동,동일로56가길 8,143-2,37.555654,127.072951,building
군자동,동일로56길 30-15,157-14,37.555453,127.073829,building
군자동,동일로56길 52,60-71,37.555298,127.074779,building
군자동,동일로56길 54-2,60-72,37.555179,127.074715,building
군자동,동일로56길 54-5,62-1,37.555018,127.074791,building
군자동,동일로56길 60-10,62-12,37.554906,127.074832,building
군자동,동일로56길 60-6,60-65,37.555031,127.074978,building
군자동,동일로56길 61,48-19,37.555299,127.075344,building
군자동,동일로56나길 7,39-15,37.55595,127.074286,building
군자동,동일로56다길 20,40-1,37.556225,127.075019,building
군자동,동일로58길 28,93-8,37.557425,127.074336,building
군자동,동일로60길 28-1,93-22,37.557911,127.074852,building
군자동,동일로60길 48-7,468-11,37.557435,127.07586,building
군자동,동일로60길 54-7,469-19,37.557229,127.076053,building
군자동,동일로60길 54-9,469-14,37.557105,127.075983,building
군자동,면목로 24-1,49-2,37.556311,127.076173,building
군자동,면목로1길 16-1,62-11,37.554896,127.074691,building
군자동,면목로3길 32,160-5,37.556167,127.073975,building
군자동,면목로3길 40-13,168,37.55638,127.074138,building
군자동,면목로3길 5,48-13,37.555728,127.075335,building
군자동,면목로5길 14,32,37.55662,127.075401,building
군자동,면목로5길 23,36,37.556507,127.074534,building
군자동,면목로5길 30-33,6-1,37.556861,127.074502,building
군자동,면목로5길 35,169,37.556474,127.074096,building
군자동,천호대로 530,473-1,37.557711,127.07706,building
군자동,천호대로 538,473-21,37.557382,127.077893,building
군자동,천호대로102길 27,465-13,37.557791,127.073808,building
군자동,천호대로102길 45,30-15,37.557079,127.073397,building
군자동,천호대로104가길 13,93-51,37.557704,127.074641,building
군자동,천호대로104길 37,469-7,37.557001,127.075814,building
군자동,천호대로104나길 15-6,26-2,37.556811,127.075628,building
군자동,천호대로104나길 8,16,37.556871,127.074874,building
능동,능동로 268,283-15,37.553827,127.078011,building
능동,능동로 278-7,225-16,37.554404,127.078526,building
능동,능동로24길 46,437-1,37.552239,127.079375,building
능동,능동로24길 55,389-3,37.552827,127.079572,building
능동,능동로28길 29,393,37.552935,127.079048,building
능동,능동로28길 33,392,37.552885,127.079196,building
능동,능동로30길 19,320-57,37.553825,127.078995,building
능동,능동로30길 26,284-6,37.553464,127.079025,building
능동,능동로32길 105,244-10,37.553435,127.084141,building
능동,능동로32길 130,250-2,37.552741,127.085156,building
능동,능동로32길 132,251-46,37.552671,127.085345,building
능동,능동로32길 149,253-26,37.552539,127.086287,building
능동,능동로32길 16-3,320-65,37.554879,127.079434,building
능동,능동로32길 20-17,320-75,37.554263,127.079441,building
능동,능동로32길 20-19,320-5,37.554144,127.079427,building
능동,능동로32길 20-7,320-2,37.554674,127.079675,building
능동,능동로32길 28-10,320-83,37.554525,127.079764,building
능동,능동로32길 28-12,320-78,37.554396,127.079704,building
능동,능동로32길 28-5,231-5,37.554608,127.080041,building
능동,능동로32길 28-8,320-84,37.55462,127.079819,building
능동,능동로32길 34,231-2,37.554675,127.080381,building
능동,능동로32길 53-4,234-13,37.554483,127.081666,building
능동,능동로32길 67,239-36,37.554114,127.082236,building
능동,능동로32길 74-4,240-3,37.553789,127.082256,building
능동,능동로32길 82-15,241-27,37.553184,127.082544,building
능동,능동로32길 82-16,240-18,37.553651,127.082206,building
능동,능동로32길 82-19,241-10,37.5529,127.082367,building
능동,능동로32길 82-27,135-8,37.552678,127.082076,building
능동,능동로32길 82-38,240-11,37.553187,127.08211,building
능동,능동로32길 88,241-33,37.553569,127.083093,building
능동,능동로32길 98,242-1,37.553373,127.083567,building
능동,능동로34길 11-17,223-19,37.555363,127.080856,building
능동,능동로34길 114,249-2,37.553319,127.085219,building
능동,능동로34길 116,249-15,37.553305,127.085389,building
능동,능동로34길 123-1,248-11,37.553474,127.085827,building
능동,능동로34길 139,254-10,37.553064,127.086567,building
능동,능동로34길 27,223-9,37.555249,127.081002,building
능동,능동로34길 6,224-2,37.555449,127.079677,building
능동,능동로34길 7,223-11,37.555681,127.079961,building
능동,능동로34길 89-3,245-19,37.554156,127.084082,building
능동,능동로34길 97,245-10,37.553883,127.084484,building
능동,능동로36길 110,245-4,37.554165,127.084746,building
능동,능동로36길 129,466,37.55402,127.085854,building
능동,능동로36길 131,247-14,37.553965,127.086002,building
능동,능동로36길 133,247-8,37.553907,127.086119,building
능동,능동로36길 138,248-35,37.553586,127.086188,building
능동,능동로36길 139,247-12,37.553777,127.086395,building
능동,능동로36길 141,247-7,37.553758,127.086575,building
능동,능동로36길 152,254-30,37.553352,127.086791,building
능동,능동로36길 152-1,254-29,37.553239,127.086738,building
능동,능동로36길 174,257-1,37.552841,127.087887,building
능동,능동로36길 181,256-8,37.552724,127.088391,building
능동,능동로36길 182,257-16,37.552537,127.088181,building
능동,능동로36길 29,222-7,37.55597,127.080766,building
능동,능동로36길 65,236-6,37.555208,127.082629,building
능동,능동로36길 71,237-22,37.55511,127.082978,building
능동,능동로36길 74,238-32,37.554766,127.082823,building
능동,능동로36길 74-1,238-33,37.554705,127.082979,building
능동,능동로36길 77,237-18,37.55502,127.083245,building
능동,능동로36길 80,238-35,37.554758,127.083194,building
능동,능동로36길 81-5,237-8,37.554925,127.083693,building
능동,능동로36길 97,246-18,37.554561,127.084307,building
능동,천호대로 570,222-2,37.556035,127.080998,building
능동,천호대로 632,255-18,37.553694,127.08736,building
능동,천호대로110길 40,221-13,37.55552,127.079269,building
능동,천호대로110길 71-6,320-55,37.553974,127.078891,building
능동,천호대로110길 83,284-11,37.553704,127.07856,building
능동,천호대로110길 92,283-24,37.553373,127.078133,building
능동,천호대로112길 43-3,232-18,37.554228,127.080942,building
능동,천호대로112길 48-6,208,37.554321,127.080332,building
능동,천호대로112길 48-7,369-6,37.554176,127.079985,building
능동,천호대로112길 58-10,370,37.554085,127.079853,building
능동,천호대로112길 68,380,37.55317,127.079863,building
능동,천호대로114길 21,238-6,37.554718,127.082635,building
능동,천호대로114길 45,240-15,37.553665,127.082002,building
능동,천호대로116길 14,238-3,37.554513,127.083804,building
능동,천호대로116길 22-16,238-17,37.5546,127.08295,building
능동,천호대로116길 30,239-42,37.553932,127.083418,building
능동,천호대로116길 51-3,242-15,37.55298,127.083271,building
능동,천호대로116길 7,246-3,37.554713,127.084269,building
능동,천호대로118길 16,245-6,37.554033,127.085076,building
능동,천호대로118길 17,248-32,37.553822,127.085273,building
능동,천호대로118길 20,245-7,37.553826,127.084959,building
능동,천호대로118길 28,244-6,37.553491,127.084809,building
능동,천호대로120길 15,254-1,37.553421,127.086627,building
능동,천호대로120길 17,254-28,37.55331,127.086563,building
능동,천호대로120길 20,248-37,37.553308,127.086247,building
능동,천호대로120길 22,248-9,37.553212,127.086142,building
능동,천호대로120길 7,255-13,37.553704,127.086797,building
자양동,능동로 69,861,37.537191,127.068853,building
자양동,능동로 87,2-2,37.539122,127.069634,building
자양동,능동로3가길 16,79-20,37.533335,127.065474,building
자양동,능동로3가길 6,78-41,37.533577,127.065885,building
자양동,능동로3길 67,57-105,37.534195,127.063836,building
자양동,능동로3나길 22,52-100,37.534637,127.065388,building
자양동,능동로3나길 25,52-89,37.534744,127.065062,building
자양동,능동로3나길 7,52-98,37.534052,127.065646,building
자양동,능동로3라길 11,57-91,37.534297,127.064983,building
자양동,능동로3라길 12,58-5,37.534478,127.065167,building
자양동,능동로3마길 10-3,57-90,37.534465,127.064772,building
자양동,능동로3마길 10-6,57-97,37.534237,127.064755,building
자양동,능동로5길 25,553-288,37.536778,127.066528,building
자양동,능동로7길 38,553-5,37.537506,127.067093,building
자양동,능동로7길 61,845-2,37.537715,127.065696,building
자양동,동일로10가길 14-1,838-10,37.538661,127.064007,building
자양동,동일로10가길 24-4,838-2,37.538659,127.064236,building
자양동,동일로10나길 18,842-1,37.538204,127.064468,building
자양동,동일로10나길 28,842-5,37.538396,127.064955,building
자양동,동일로10다길 13-5,842-32,37.538046,127.064528,building
자양동,동일로14길 21,834-6,37.538627,127.063347,building
자양동,동일로16길 25,832-16,37.539028,127.063888,building
자양동,동일로18가길 18,839-1,37.538912,127.064443,building
자양동,동일로18가길 31,840-13,37.538654,127.065117,building
자양동,동일로18가길 32,842-7,37.538433,127.065162,building
자양동,동일로18길 36,857,37.53942,127.064816,building
자양동,동일로18길 41,13-40,37.539523,127.065133,building
자양동,동일로18나길 24,842-8,37.538464,127.065291,building
자양동,동일로2길 18,203-15,37.534919,127.061145,building
자양동,동일로2길 26,193-18,37.534751,127.061681,building
자양동,동일로2길 29-3,193-6,37.535025,127.061789,building
자양동,동일로2길 29-4,193-2,37.534983,127.061998,building
자양동,동일로2길 3,206-4,37.535371,127.060766,building
자양동,동일로2길 34,193-32,37.534675,127.062117,building
자양동,동일로4가길 10,197-12,37.53578,127.062428,building
자양동,동일로4가길 13,197-19,37.535783,127.062757,building
자양동,동일로4길 56-2,52-104,37.535627,127.063986,building
자양동,동일로4길 64,52-157,37.535483,127.064476,building
자양동,뚝섬로 470,238-3,37.536661,127.062477,building
자양동,뚝섬로 470-1,238-20,37.536626,127.062623,building
자양동,뚝섬로 595,610-12,37.533209,127.0762,building
자양동,뚝섬로 623,616-24,37.532384,127.079021,building
자양동,뚝섬로 649-5,653-16,37.531831,127.081662,building
자양동,뚝섬로 663,661-33,37.531743,127.083162,building
자양동,뚝섬로 694-1,682,37.532738,127.086498,building
자양동,뚝섬로22가길 44,55-4,37.53496,127.063714,building
자양동,뚝섬로22가길 56,54-23,37.534866,127.06421,building
자양동,뚝섬로22길 31,202-20,37.535628,127.06141,building
자양동,뚝섬로22길 33-6,202-36,37.535258,127.06134,building
자양동,뚝섬로22길 35,202-34,37.535458,127.061263,building
자양동,뚝섬로22길 69,192-21,37.534314,127.061304,building
자양동,뚝섬로22길 77,193-16,37.534278,127.061809,building
자양동,뚝섬로22길 79-9,193-13,37.53448,127.061681,building
자양동,뚝섬로23가길 26,846-23,37.538243,127.06588,building
자양동,뚝섬로23가길 3,843-7,37.5374,127.065269,building
자양동,뚝섬로23가길 6,845-16,37.537448,127.065481,building
자양동,뚝섬로23길 54,553-474,37.537287,127.066352,building
자양동,뚝섬로23길 58,553-396,37.537313,127.066483,building
자양동,뚝섬로23길 97,4-4,37.538152,127.068455,building
자양동,뚝섬로24길 10,52-203,37.536056,127.063463,building
자양동,뚝섬로24길 11,52-193,37.535985,127.063683,building
자양동,뚝섬로24길 50,57-77,37.534373,127.062641,building
자양동,뚝섬로24길 6,52-200,37.536223,127.063268,building
자양동,뚝섬로24길 71,57-140,37.533394,127.062551,building
자양동,뚝섬로25가길 5-6,553-142,37.536888,127.065308,building
자양동,뚝섬로26길 41,47-49,37.534835,127.065864,building
자양동,뚝섬로28길 21,46-8,37.535455,127.065581,building
자양동,뚝섬로29길 29,553-415,37.537144,127.066525,building
자양동,뚝섬로30가길 12,46-33,37.535288,127.065453,building
자양동,뚝섬로34길 67,854,37.531692,127.068322,building
자양동,뚝섬로43길 25,610-49,37.533996,127.07735,building
자양동,뚝섬로43길 3-10,610-27,37.53361,127.076548,building
자양동,뚝섬로43길 8,609-4,37.533218,127.07673,building
자양동,뚝섬로44길 45-3,599-10,37.531035,127.076071,building
자양동,뚝섬로45길 5-2,609-20,37.533121,127.077155,building
자양동,뚝섬로46길 19-5,603-28,37.531828,127.077198,building
자양동,뚝섬로46길 23,603-5,37.531645,127.076831,building
자양동,뚝섬로46길 46,599-19,37.530792,127.076231,building
자양동,뚝섬로46길 5-7,607-21,37.532362,127.077502,building
자양동,뚝섬로46길 51,598-32,37.530508,127.076476,building
자양동,뚝섬로47길 29,614-50,37.533753,127.07855,building
자양동,뚝섬로47길 32-5,620-1,37.533711,127.079019,building
자양동,뚝섬로48길 21,597,37.530994,127.077306,building
자양동,뚝섬로48길 30,598-20,37.530704,127.076997,building
자양동,뚝섬로49길 15,619-16,37.533126,127.078738,building
자양동,뚝섬로49길 35,620-26,37.533797,127.079498,building
자양동,뚝섬로49길 64,622-12,37.534594,127.080622,building
자양동,뚝섬로49길 64-7,622-26,37.534591,127.080935,building
자양동,뚝섬로49길 68,622-18,37.534814,127.080812,building
자양동,뚝섬로50길 20,604-11,37.531521,127.077948,building
자양동,뚝섬로50길 21,605-23,37.531362,127.078121,building
자양동,뚝섬로50길 33,596-13,37.530886,127.077979,building
자양동,뚝섬로50길 45,595-14,37.530224,127.077778,building
자양동,뚝섬로50길 6,607-26,37.532092,127.078167,building
자양동,뚝섬로51길 38-1,623-32,37.534037,127.080774,building
자양동,뚝섬로51길 42,623-24,37.534119,127.080866,building
자양동,뚝섬로51길 45,622-30,37.534349,127.080778,building
자양동,뚝섬로51길 47,622-28,37.53442,127.080915,building
자양동,뚝섬로51길 49,622-27,37.534527,127.081046,building
자양동,뚝섬로51길 69-1,625-23,37.535209,127.081619,building
자양동,뚝섬로51길 82-2,624-19,37.535355,127.082435,building
자양동,뚝섬로52가길 12,637-21,37.5311,127.079992,building
자양동,뚝섬로52가길 16-2,637-28,37.5311,127.080131,building
자양동,뚝섬로52가길 34,651-19,37.530815,127.081199,building
자양동,뚝섬로52가길 53,652-37,37.530923,127.082278,building
자양동,뚝섬로52길 39,639,37.530264,127.078945,building
자양동,뚝섬로52길 44,595-19,37.530143,127.078572,building
자양동,뚝섬로52길 8,606-28,37.531698,127.079306,building
자양동,뚝섬로52나길 10,638-4,37.530668,127.079711,building
자양동,뚝섬로52나길 18-6,638-13,37.530415,127.079985,building
자양동,뚝섬로52나길 3,637-4,37.530932,127.07942,building
자양동,뚝섬로52나길 38,649-4,37.5303,127.081124,building
자양동,뚝섬로52나길 41,651-56,37.530426,127.081501,building
자양동,뚝섬로52나길 50-15,650-43,37.529554,127.081587,building
자양동,뚝섬로52나길 6,638-1,37.530733,127.079358,building
자양동,뚝섬로52다길 14-8,639-22,37.529855,127.079393,building
자양동,뚝섬로52다길 8-5,639-19,37.529957,127.079282,building
자양동,뚝섬로52라길 12,640-20,37.529647,127.079176,building
자양동,뚝섬로52라길 12-5,640-24,37.529424,127.079308,building
자양동,뚝섬로52라길 41,648-27,37.529417,127.080916,building
자양동,뚝섬로52라길 50-6,647-8,37.529032,127.081096,building
자양동,뚝섬로52라길 60,646-9,37.529096,127.081901,building
자양동,뚝섬로52마길 21,640-33,37.529222,127.079593,building
자양동,뚝섬로52마길 42-9,643-16,37.528304,127.080523,building
자양동,뚝섬로52마길 43,647-22,37.528891,127.080864,building
자양동,뚝섬로52마길 47,647-24,37.52881,127.080994,building
자양동,뚝섬로52마길 9,640-15,37.529311,127.078919,building
자양동,뚝섬로54길 27,649-16,37.530374,127.080562,building
자양동,뚝섬로55길 6-6,661-28,37.531735,127.082821,building
자양동,뚝섬로57가길 10-4,660-19,37.532358,127.083072,building
자양동,뚝섬로57가길 17,661-3,37.531968,127.082693,building
자양동,뚝섬로57가길 55-1,635-37,37.532156,127.080533,building
자양동,뚝섬로57길 14,659-16,37.532411,127.083627,building
자양동,뚝섬로57길 3,661-18,37.532006,127.083668,building
자양동,뚝섬로57길 39,655,37.533333,127.082709,building
자양동,뚝섬로57길 55,631-3,37.533921,127.082243,building
자양동,뚝섬로57길 59,631-1,37.534047,127.082042,building
자양동,뚝섬로58길 19,678-1,37.531145,127.084691,building
자양동,뚝섬로58길 23,678-6,37.530861,127.084833,building
자양동,뚝섬로58길 28,664-27,37.530594,127.084573,building
자양동,뚝섬로58길 83-9,669-5,37.528725,127.084144,building
자양동,뚝섬로59길 81-13,624-34,37.535021,127.082455,building
자양동,뚝섬로59길 81-18,624-36,37.534977,127.082174,building
자양동,뚝섬로62길 33-9,687-23,37.531914,127.088611,building
자양동,뚝섬로62길 5,683-16,37.533058,127.087788,building
자양동,뚝섬로62길 60,690-18,37.530648,127.088404,building
자양동,뚝섬로64길 34,687-13,37.532122,127.088811,building
자양동,뚝섬로64길 38,687-21,37.531942,127.088847,building
자양동,아차산로 312,794,37.537757,127.077353,building
자양동,아차산로 317,224-12,37.538085,127.078286,building
자양동,아차산로 331,774-24,37.537708,127.079762,building
자양동,아차산로 340,222-2,37.537069,127.080336,building
자양동,아차산로 353,779-3,37.537202,127.082074,building
자양동,아차산로 355,779,37.537331,127.082622,building
자양동,아차산로 356,219-8,37.536566,127.082185,building
자양동,아차산로 400,870,37.536282,127.087753,building
자양동,아차산로22길 17-6,16-39,37.540942,127.064658,building
자양동,아차산로22길 21-1,16-5,37.540796,127.064561,building
자양동,아차산로22길 31-3,16-47,37.540485,127.064184,building
자양동,아차산로22길 41,16-32,37.540079,127.063837,building
자양동,아차산로24길 1,13-29,37.540951,127.065305,building
자양동,아차산로24길 10,16-6,37.540669,127.064878,building
자양동,아차산로24길 24-4,16-15,37.540215,127.064473,building
자양동,아차산로24길 25,13-17,37.539994,127.064776,building
자양동,아차산로26길 17-6,10-44,37.540284,127.066277,building
자양동,아차산로26길 32-6,13-5,37.540126,127.065257,building
자양동,아차산로26길 34,13-70,37.539917,127.065507,building
자양동,아차산로30길 19-12,6-47,37.539615,127.068014,building
자양동,아차산로30길 19-6,6-45,37.539683,127.067807,building
자양동,아차산로30길 20-8,9-2,37.540153,127.067168,building
자양동,아차산로30길 25-5,6-6,37.539581,127.067782,building
자양동,아차산로30길 33-10,6-66,37.539057,127.067605,building
자양동,아차산로32길 21,5-6,37.538971,127.068259,building
자양동,아차산로32길 24,6-69,37.538948,127.067954,building
자양동,아차산로32길 26,6-17,37.538856,127.067879,building
자양동,아차산로34길 32-3,5-31,37.538751,127.068844,building
자양동,아차산로38길 20,227-223,37.537713,127.074646,building
자양동,아차산로39길 14,225-45,37.538778,127.076981,building
자양동,아차산로40길 16-12,797-5,37.537143,127.07781,building
자양동,아차산로40길 33,229-45,37.536224,127.078324,building
자양동,아차산로40길 39-13,229-63,37.535595,127.078477,building
자양동,아차산로40길 47-4,229-26,37.535382,127.078061,building
자양동,아차산로40길 53-20,229-33,37.535255,127.078362,building
자양동,아차산로40길 59-10,229-21,37.534882,127.078187,building
자양동,아차산로40길 59-5,229-23,37.534999,127.077908,building
자양동,아차산로40길 69-7,612-10,37.5347,127.07792,building
자양동,아차산로40길 72,611-36,37.534556,127.077355,building
자양동,아차산로40길 76,611-34,37.534426,127.07731,building
자양동,아차산로41길 24,225-13,37.538586,127.078479,building
자양동,아차산로42길 58,229-13,37.534975,127.078555,building
자양동,아차산로44가길 19,231-20,37.535612,127.079874,building
자양동,아차산로44가길 22,232-5,37.535469,127.079621,building
자양동,아차산로44가길 25,231-49,37.535348,127.079774,building
자양동,아차산로44길 11,221-6,37.536674,127.080346,building
자양동,아차산로44길 3,221-4,37.536818,127.080759,building
자양동,아차산로45길 29,774-3,37.537926,127.080054,building
자양동,아차산로46가길 1,219-24,37.536629,127.081157,building
자양동,아차산로46가길 10-3,218-9,37.536084,127.08165,building
자양동,아차산로46가길 11,219-36,37.536467,127.081694,building
자양동,아차산로46가길 12,218-10,37.536264,127.081667,building
자양동,아차산로46가길 19,219-6,37.536388,127.082059,building
자양동,아차산로46가길 31,219-3,37.536173,127.08277,building
자양동,아차산로46가길 5,219-23,37.536551,127.081269,building
자양동,아차산로46가길 7,219-22,37.536537,127.081428,building
자양동,아차산로46길 19,218-15,37.536114,127.080959,building
자양동,아차산로46길 22-7,231-5,37.536074,127.080382,building
자양동,아차산로46나길 7,218-44,37.536031,127.081217,building
자양동,아차산로46나길 8-5,217-4,37.535713,127.081178,building
자양동,자양강변길 275,589-19,37.530032,127.073727,building
자양동,자양로 135,767-4,37.539843,127.082949,building
자양동,자양로 71-9,628-22,37.534215,127.083863,building
자양동,자양로 92,680-2,37.536027,127.084177,building
자양동,자양로11길 10,627-26,37.534818,127.083436,building
자양동,자양로11길 41,632-31,37.533696,127.082294,building
자양동,자양로11길 44-5,631-10,37.533797,127.081828,building
자양동,자양로11길 70,634-4,37.532933,127.081142,building
자양동,자양로13가길 8,624,37.534711,127.081533,building
자양동,자양로13길 53,631-8,37.533988,127.08173,building
자양동,자양로13길 6,626-4,37.535861,127.08328,building
자양동,자양로13길 63-4,631-25,37.533557,127.081411,building
자양동,자양로13길 8,626-3,37.535737,127.083215,building
자양동,자양로13길 81-8,634-14,37.532943,127.080778,building
자양동,자양로13다길 13,616-3,37.53274,127.079074,building
자양동,자양로13다길 8,617-39,37.532775,127.079521,building
자양동,자양로15길 50,612-48,37.535441,127.080943,building
자양동,자양로15길 52,612-47,37.535445,127.080763,building
자양동,자양로16길 12,680-9,37.536216,127.084462,building
자양동,자양로16길 14,680-11,37.536094,127.084592,building
자양동,자양로16길 16,680-12,37.536207,127.084763,building
자양동,자양로16길 18,680-13,37.536273,127.084882,building
자양동,자양로16길 20-4,680-14,37.536174,127.084934,building
자양동,자양로16길 8-3,680-6,37.536107,127.084412,building
자양동,자양로19가길 10-5,771-24,37.538721,127.080729,building
자양동,자양로19가길 12,771-22,37.538729,127.080531,building
자양동,자양로19가길 14-1,771-20,37.538961,127.080553,building
자양동,자양로19가길 5,771-2,37.538403,127.080354,building
자양동,자양로19길 51,775-5,37.538057,127.08063,building
자양동,자양로19길 62-7,772-19,37.538546,127.079981,building
자양동,자양로21길 21,769-2,37.539352,127.081812,building
자양동,자양로2길 10,690-30,37.530792,127.087433,building
자양동,자양로2길 11-3,686-5,37.531014,127.087269,building
자양동,자양로3가길 40,672-5,37.528425,127.085043,building
자양동,자양로3가길 46,672-16,37.528153,127.085248,building
자양동,자양로3길 10,677-12,37.530933,127.08575,building
자양동,자양로3길 14-15,678-26,37.530961,127.085308,building
자양동,자양로3길 14-21,678-13,37.531212,127.085123,building
자양동,자양로3길 14-23,678-12,37.531309,127.085052,building
자양동,자양로3길 14-36,677-3,37.531403,127.085232,building
자양동,자양로3길 31-9,667-15,37.530023,127.085036,building
자양동,자양로3길 33,667-19,37.530154,127.084736,building
자양동,자양로3길 39-4,667-32,37.529911,127.084375,building
자양동,자양로3길 40-8,664-12,37.53043,127.08419,building
자양동,자양로3길 65-9,666-16,37.529173,127.08325,building
자양동,자양로4가길 6-3,685-13,37.531845,127.086846,building
자양동,자양로4길 43-3,684-19,37.53257,127.088289,building
자양동,자양로4길 43-4,684-18,37.532573,127.088435,building
자양동,자양로4길 44,687-3,37.53219,127.088457,building
자양동,자양로4길 50,687-14,37.532271,127.088796,building
자양동,자양로6길 22,685-7,37.532267,127.087221,building
자양동,자양로6길 45,683-28,37.532941,127.088151,building
자양동,자양로6길 46,684-1,37.532721,127.088196,building
자양동,자양로6길 46-3,684-5,37.53267,127.088357,building
자양동,자양로7길 30,655-40,37.532806,127.08311,building
자양동,자양로7길 34,655-31,37.532717,127.082907,building
자양동,자양로9길 64-4,633-7,37.532556,127.081452,building
자양동,자양번영로 24,601-10,37.531812,127.075499,building
자양동,자양번영로 34,608-21,37.532709,127.075852,building
자양동,자양번영로 60-1,611-2,37.534862,127.076433,building
자양동,자양번영로 62-1,611,37.535145,127.076515,building
자양동,자양번영로 78,799-3,37.536469,127.076893,building
자양동,자양번영로10길 22,803-8,37.535946,127.07776,building
자양동,자양번영로11길 10,227-113,37.537201,127.076184,building
자양동,자양번영로11길 16-1,227-102,37.537296,127.075835,building
자양동,자양번영로11길 18,227-97,37.537313,127.075615,building
자양동,자양번영로11길 18-8,227-98,37.537504,127.075926,building
자양동,자양번영로11길 19-11,227-297,37.536684,127.07546,building
자양동,자양번영로11길 19-5,227-166,37.537002,127.075592,building
자양동,자양번영로11길 5-1,227-134,37.536917,127.076439,building
자양동,자양번영로11길 5-4,227-143,37.536945,127.076289,building
자양동,자양번영로11길 9-5,227-144,37.536868,127.076126,building
자양동,자양번영로12길 5-3,794-8,37.537136,127.077129,building
자양동,자양번영로12길 5-4,798-8,37.537097,127.077342,building
자양동,자양번영로13길 23,227-78,37.537557,127.075488,building
자양동,자양번영로2길 30-11,593-15,37.529758,127.07658,building
자양동,자양번영로2길 53-5,595-12,37.530301,127.077954,building
자양동,자양번영로2길 59-11,595-4,37.530383,127.078308,building
자양동,자양번영로2길 59-8,595-9,37.530146,127.078422,building
자양동,자양번영로3가길 28,589-3,37.530468,127.07383,building
자양동,자양번영로3가길 30,589-21,37.530431,127.073964,building
자양동,자양번영로3나길 31,589-5,37.530558,127.073613,building
자양동,자양번영로3나길 34,588-11,37.530469,127.073275,building
자양동,자양번영로3다길 20,474-7,37.531435,127.072753,building
자양동,자양번영로4길 29-6,603-7,37.531534,127.077145,building
자양동,자양번영로4길 42-17,597-30,37.530404,127.077468,building
자양동,자양번영로4길 59-8,605-7,37.53133,127.078904,building
자양동,자양번영로6길 26,603,37.532044,127.076947,building
자양동,자양번영로6길 30,603-23,37.531954,127.077092,building
자양동,자양번영로6길 34,603-26,37.53192,127.07737,building
자양동,자양번영로7길 12,227-276,37.535888,127.075642,building
자양동,자양번영로7길 16,227-279,37.535916,127.075524,building
자양동,자양번영로8길 17,611-32,37.534325,127.077114,building
자양동,자양번영로9길 12-5,227-252,37.536515,127.075829,building
자양동,자양번영로9길 16-7,227-298,37.536529,127.075492,building
중곡동,긴고랑로 103,56-18,37.560059,127.08692,building
중곡동,긴고랑로 124,78-15,37.558669,127.088694,building
중곡동,긴고랑로 134,77-30,37.55885,127.089765,building
중곡동,긴고랑로 142,76-60,37.558756,127.090588,building
중곡동,긴고랑로 15-1,239-54,37.563987,127.078313,building
중곡동,긴고랑로 155,69-16,37.558869,127.0921,building
중곡동,긴고랑로 159,69-5,37.558898,127.092508,building
중곡동,긴고랑로 187-1,72-24,37.560398,127.094932,building
중곡동,긴고랑로10길 37,258-24,37.561273,127.079643,building
중곡동,긴고랑로10길 41,258-25,37.561159,127.079584,building
중곡동,긴고랑로10길 43,258-26,37.561041,127.079518,building
중곡동,긴고랑로10길 46,257-2,37.560995,127.07916,building
중곡동,긴고랑로10길 54-3,257-31,37.560741,127.078891,building
중곡동,긴고랑로10길 9,243-21,37.562379,127.080247,building
중곡동,긴고랑로12길 11-7,242-16,37.562136,127.081036,building
중곡동,긴고랑로12길 41-6,259-15,37.560773,127.0802,building
중곡동,긴고랑로13길 41,221-40,37.564311,127.082474,building
중곡동,긴고랑로13길 66,166-21,37.56534,127.08329,building
중곡동,긴고랑로13길 73,220-50,37.565661,127.08319,building
중곡동,긴고랑로14길 24,242-22,37.561518,127.080946,building
중곡동,긴고랑로14길 35,162-23,37.560932,127.08089,building
중곡동,긴고랑로14길 47,162-27,37.560445,127.080622,building
중곡동,긴고랑로14길 5,163-19,37.562188,127.081569,building
중곡동,긴고랑로14길 58,259-6,37.560151,127.080146,building
중곡동,긴고랑로14길 84,646-20,37.559084,127.079655,building
중곡동,긴고랑로16길 20,41-11,37.561172,127.082367,building
중곡동,긴고랑로16길 75,160-17,37.558705,127.08124,building
중곡동,긴고랑로19길 15,39-31,37.562121,127.084264,building
중곡동,긴고랑로19길 40,34-29,37.563135,127.085051,building
중곡동,긴고랑로19길 44,34-28,37.563242,127.085112,building
중곡동,긴고랑로19길 45,33-53,37.563422,127.084953,building
중곡동,긴고랑로1길 28,234-33,37.565205,127.078005,building
중곡동,긴고랑로1길 35,235-22,37.565632,127.077931,building
중곡동,긴고랑로1길 79,190-9,37.56745,127.078883,building
중곡동,긴고랑로20길 45,50-22,37.559409,127.083,building
중곡동,긴고랑로20길 51,50-19,37.5591,127.082821,building
중곡동,긴고랑로20길 75-3,141-16,37.558209,127.082523,building
중곡동,긴고랑로20길 76-1,159-25,37.558274,127.08199,building
중곡동,긴고랑로20길 82,159-56,37.558017,127.08199,building
중곡동,긴고랑로20길 83,141-33,37.557864,127.082136,building
중곡동,긴고랑로22길 11-11,150-199,37.56042,127.084803,building
중곡동,긴고랑로22길 23-7,51-8,37.559753,127.084103,building
중곡동,긴고랑로23길 20-3,36-3,37.561586,127.085738,building
중곡동,긴고랑로25길 15,149-47,37.561267,127.085911,building
중곡동,긴고랑로26길 20,150-246,37.559652,127.085022,building
중곡동,긴고랑로26길 7-8,150-222,37.559854,127.085724,building
중곡동,긴고랑로27길 13,149-14,37.560809,127.086142,building
중곡동,긴고랑로27길 15,149-11,37.560911,127.086122,building
중곡동,긴고랑로2길 15,248-23,37.563234,127.076958,building
중곡동,긴고랑로2길 3,248-6,37.563718,127.077175,building
중곡동,긴고랑로30길 38,126-23,37.558079,127.086902,building
중곡동,긴고랑로30길 39,124-55,37.557932,127.087195,building
중곡동,긴고랑로31길 33,150-140,37.561237,127.086823,building
중곡동,긴고랑로31길 39,150-144,37.561543,127.086757,building
중곡동,긴고랑로33길 28,58-11,37.560313,127.088013,building
중곡동,긴고랑로38길 3-16,76-19,37.558509,127.090769,building
중곡동,긴고랑로39길 49,66-2,37.55961,127.092646,building
중곡동,긴고랑로3길 13,234-17,37.565064,127.078262,building
중곡동,긴고랑로3길 22,233-9,37.565318,127.078695,building
중곡동,긴고랑로44길 36,74-48,37.55855,127.094557,building
중곡동,긴고랑로46가길 23,73-65,37.559092,127.09541,building
중곡동,긴고랑로46나길 1,73-25,37.560045,127.095643,building
중곡동,긴고랑로46나길 4,73-35,37.559872,127.09547,building
중곡동,긴고랑로4길 11-3,247-21,37.563325,127.077787,building
중곡동,긴고랑로4길 19,247-50,37.562969,127.077422,building
중곡동,긴고랑로4길 36-4,253-28,37.562374,127.07671,building
중곡동,긴고랑로4길 52,253-30,37.56164,127.076444,building
중곡동,긴고랑로5길 27,233-2,37.56538,127.079292,building
중곡동,긴고랑로6길 20,247-57,37.562804,127.077888,building
중곡동,긴고랑로6길 37,255-9,37.56188,127.077618,building
중곡동,긴고랑로7길 10,240-17,37.563836,127.079433,building
중곡동,긴고랑로7길 103,189-2,37.567746,127.081372,building
중곡동,긴고랑로7길 16,231-9,37.564125,127.079628,building
중곡동,긴고랑로7길 54-3,192-33,37.565604,127.080614,building
중곡동,긴고랑로7길 96,173-41,37.567401,127.0814,building
중곡동,긴고랑로8길 35,256-29,37.561901,127.078377,building
중곡동,긴고랑로8길 49,256-48,37.561286,127.07803,building
중곡동,긴고랑로8길 64,619-6,37.560736,127.077497,building
중곡동,긴고랑로8길 68,619-5,37.560636,127.077444,building
중곡동,긴고랑로9길 44,220-84,37.565319,127.081879,building
중곡동,긴고랑로9길 66,220-9,37.566224,127.082343,building
중곡동,능동로 365,163-4,37.562081,127.08188,building
중곡동,능동로 366,41-33,37.561829,127.082334,building
중곡동,능동로 386-12,31-21,37.563279,127.083227,building
중곡동,능동로 386-16,31-19,37.563039,127.083101,building
중곡동,능동로37길 10-4,648-12,37.558353,127.079412,building
중곡동,능동로37길 31-8,639-16,37.558301,127.077922,building
중곡동,능동로37길 6,648-14,37.558195,127.079591,building
중곡동,능동로37길 9,649-11,37.557928,127.079191,building
중곡동,능동로38길 15-4,158-8,37.557685,127.080916,building
중곡동,능동로38길 38,341-3,37.556946,127.081756,building
중곡동,능동로38길 5-3,158-31,37.557989,127.080339,building
중곡동,능동로39길 14,646-13,37.558784,127.079329,building
중곡동,능동로39길 32,643-9,37.559148,127.078408,building
중곡동,능동로39길 36,643-8,37.559226,127.078289,building
중곡동,능동로39길 37,641-1,37.559039,127.078115,building
중곡동,능동로39길 40,643-6,37.559301,127.078008,building
중곡동,능동로39길 41,640-10,37.559057,127.077827,building
중곡동,능동로39길 5,648-19,37.558431,127.079669,building
중곡동,능동로39길 9,648-20,37.558458,127.079533,building
중곡동,능동로40길 10-3,158-25,37.557966,127.080716,building
중곡동,능동로40길 10-5,158-18,37.557837,127.080629,building
중곡동,능동로40길 25,159-54,37.557909,127.081597,building
중곡동,능동로40길 27-5,159-49,37.557998,127.081646,building
중곡동,능동로40길 35,141-34,37.557731,127.082063,building
중곡동,능동로40길 40,142-16,37.557465,127.08218,building
중곡동,능동로41길 20,259-8,37.560147,127.07987,building
중곡동,능동로41길 28,258-5,37.560331,127.079393,building
중곡동,능동로42길 6,161-2,37.559456,127.081198,building
중곡동,능동로43길 18-12,242-28,37.561789,127.080944,building
중곡동,능동로43길 18-3,242-35,37.561571,127.08063,building
중곡동,능동로44길 23,43-19,37.560664,127.082957,building
중곡동,능동로48가길 5,35-37,37.562217,127.085675,building
중곡동,능동로48길 17,32-25,37.562629,127.083669,building
중곡동,능동로48길 64-6,36-4,37.561714,127.08581,building
중곡동,능동로48길 64-7,150-164,37.561639,127.085954,building
중곡동,능동로48길 65,35-3,37.56203,127.086168,building
중곡동,능동로50길 25-15,30-52,37.564121,127.085327,building
중곡동,능동로50길 25-17,30-51,37.564069,127.085485,building
중곡동,능동로50길 25-4,30-49,37.563912,127.084962,building
중곡동,능동로50길 31,30-42,37.563677,127.085199,building
중곡동,능동로50길 31-5,30-46,37.563866,127.085102,building
중곡동,능동로50길 37-8,30-38,37.563848,127.085656,building
중곡동,능동로50길 55,28-24,37.56354,127.086326,building
중곡동,능동로50길 59,28-23,37.563558,127.086496,building
중곡동,능동로51길 19-10,220-63,37.565729,127.082763,building
중곡동,능동로51길 25-20,220-87,37.565393,127.082392,building
중곡동,능동로51길 25-8,220-71,37.565897,127.082489,building
중곡동,능동로51길 28-3,172-33,37.56645,127.082664,building
중곡동,능동로53길 13,172-1,37.56649,127.083661,building
중곡동,능동로53길 23,172-25,37.566525,127.083067,building
중곡동,능동로53길 28,171-25,37.566931,127.082961,building
중곡동,능동로55길 43,170-19,37.56796,127.083011,building
중곡동,능동로55길 45,170-51,37.567623,127.083009,building
중곡동,능동로57길 30-6,169-106,37.568296,127.084083,building
중곡동,능동로59길 20,169-89,37.568912,127.084633,building
중곡동,답십리로76길 9,580-8,37.571102,127.080997,building
중곡동,답십리로78길 26,578-9,37.570397,127.08105,building
중곡동,답십리로78길 37-8,175-7,37.569612,127.081444,building
중곡동,답십리로78길 9-12,569-1,37.570937,127.082042,building
중곡동,답십리로78길 9-6,568-1,37.570907,127.081707,building
중곡동,답십리로80길 10,564-7,37.571161,127.081907,building
중곡동,답십리로82길 38,212-4,37.569768,127.082394,building
중곡동,답십리로82길 43,211-19,37.569398,127.082574,building
중곡동,답십리로84길 11,548-7,37.57064,127.084026,building
중곡동,답십리로84길 12,553-1,37.570711,127.083812,building
중곡동,답십리로84길 7,548-5,37.570868,127.08409,building
중곡동,답십리로84길 8-1,552-7,37.570833,127.083704,building
중곡동,답십리로86길 6,548-12,37.570909,127.084427,building
중곡동,답십리로88길 34,195-2,37.569487,127.084734,building
중곡동,동일로 390,235-28,37.565334,127.07745,building
중곡동,동일로 418,190-3,37.56748,127.078629,building
중곡동,동일로62길 13-7,634-2,37.56008,127.075129,building
중곡동,동일로62길 19,633-6,37.559723,127.075353,building
중곡동,동일로62길 27,632-6,37.559635,127.075741,building
중곡동,동일로62길 29,632-8,37.559567,127.075901,building
중곡동,동일로62길 45,631-7,37.559227,127.076662,building
중곡동,동일로64길 15,624-5,37.560749,127.075701,building
중곡동,동일로64길 21-1,624-10,37.560703,127.076027,building
중곡동,동일로64길 27,624-15,37.560494,127.076324,building
중곡동,동일로68길 40,255-1,37.562134,127.077946,building
중곡동,동일로70길 13,234-51,37.564679,127.077727,building
중곡동,동일로70길 25-10,233-25,37.564771,127.078594,building
중곡동,동일로72길 23-1,191-128,37.565875,127.078905,building
중곡동,동일로76길 32,189-46,37.567716,127.080505,building
중곡동,동일로76길 33,693-14,37.567956,127.080425,building
중곡동,동일로76길 37,694-6,37.567981,127.080734,building
중곡동,동일로76길 5,187-34,37.567897,127.078979,building
중곡동,동일로76길 62,173-31,37.567926,127.082045,building
중곡동,동일로76길 8,190-31,37.567619,127.078985,building
중곡동,동일로78길 21,175-61,37.569265,127.080834,building
중곡동,동일로78길 22,685,37.569088,127.080697,building
중곡동,동일로78길 40,689-7,37.568726,127.081565,building
중곡동,동일로78길 49-20,175-83,37.569055,127.082197,building
중곡동,동일로78길 55,175-29,37.568665,127.082364,building
중곡동,동일로80길 37,574-2,37.570203,127.082005,building
중곡동,면목로 117,231-7,37.56408,127.080093,building
중곡동,면목로 119,231-5,37.564339,127.080117,building
중곡동,면목로 140,700,37.565784,127.081433,building
중곡동,면목로 176,198-42,37.568823,127.083046,building
중곡동,면목로 176-1,198-42,37.568829,127.08323,building
중곡동,면목로 196,554-2,37.57059,127.08347,building
중곡동,면목로 86,257-37,37.561314,127.078902,building
중곡동,면목로11길 19,191-35,37.566874,127.080543,building
중곡동,면목로11길 28-10,189-105,37.567401,127.080433,building
중곡동,면목로11길 28-13,189-49,37.567623,127.080287,building
중곡동,면목로12길 17,170-46,37.567344,127.083226,building
중곡동,면목로12길 8-5,171-7,37.567278,127.08255,building
중곡동,면목로7길 44,625-5,37.560278,127.075429,building
중곡동,면목로9길 17,624-24,37.560537,127.077191,building
중곡동,면목로9길 21,624-27,37.560593,127.077024,building
중곡동,면목로9길 23,624-51,37.560613,127.076876,building
중곡동,면목로9길 38,615-9,37.561055,127.07621,building
중곡동,영화사로 35-3,88-20,37.556879,127.091008,building
중곡동,영화사로1길 17,77-31,37.558671,127.089723,building
중곡동,영화사로3가길 20,100-3,37.557496,127.093214,building
중곡동,영화사로3가길 5,101-19,37.558051,127.092897,building
중곡동,영화사로3길 45-1,75-26,37.558271,127.0923,building
중곡동,영화사로3길 77-6,74-82,37.558522,127.094069,building
중곡동,영화사로3길 88,102-1,37.558189,127.094503,building
중곡동,영화사로3나길 16,102-17,37.557736,127.094196,building
중곡동,영화사로7길 30,107-21,37.556762,127.092536,building
중곡동,영화사로7길 43,100-19,37.557167,127.092967,building
중곡동,영화사로7길 44,107-101,37.557073,127.093164,building
중곡동,영화사로7길 8,107-96,37.556138,127.092226,building
중곡동,영화사로9가길 4,104-76,37.555539,127.093495,building
중곡동,영화사로9가길 53,103-7,37.557296,127.094888,building
중곡동,영화사로9가길 6-12,104-81,37.555621,127.094044,building
중곡동,영화사로9길 21,107-59,37.555856,127.092985,building
중곡동,영화사로9길 25-4,107-56,37.555943,127.092657,building
중곡동,영화사로9길 45,107-94,37.55659,127.093365,building
중곡동,영화사로9길 95-9,73-85,37.558061,127.095277,building
중곡동,영화사로9나길 16,104-49,37.5569,127.095555,building
중곡동,영화사로9나길 20,104-47,37.557006,127.095759,building
중곡동,영화사로9나길 5-7,104-27,37.55713,127.095275,building
중곡동,용마산로 175,290-4,37.569322,127.085805,building
중곡동,용마산로 187,608-5,37.570355,127.085879,building
중곡동,용마산로 6-7,93-44,37.554284,127.088942,building
중곡동,용마산로 88-7,150-86,37.561586,127.087866,building
중곡동,용마산로10길 13,147-44,37.560703,127.088268,building
중곡동,용마산로12길 11,147-32,37.561,127.088205,building
중곡동,용마산로12길 7,147-34,37.560973,127.087998,building
중곡동,용마산로18길 6,150-70,37.562316,127.087549,building
중곡동,용마산로1길 104-3,139-11,37.55684,127.083115,building
중곡동,용마산로1길 12-5,117-32,37.555084,127.087825,building
중곡동,용마산로1길 33,119-3,37.555064,127.086486,building
중곡동,용마산로1길 38,120-17,37.555403,127.086417,building
중곡동,용마산로1길 85,132-2,37.556167,127.083892,building
중곡동,용마산로1길 89,132-22,37.556229,127.08376,building
중곡동,용마산로21길 18-6,30-69,37.564112,127.085691,building
중곡동,용마산로21길 23,28-21,37.563713,127.086043,building
중곡동,용마산로21길 36,34-12,37.563228,127.08551,building
중곡동,용마산로22길 10,21-1,37.563475,127.087459,building
중곡동,용마산로22길 10-8,21-3,37.563271,127.087496,building
중곡동,용마산로22길 11-16,18-105,37.564374,127.087737,building
중곡동,용마산로22길 11-20,18-106,37.564535,127.087706,building
중곡동,용마산로22길 11-23,18-91,37.564733,127.087413,building
중곡동,용마산로22길 11-28,18-109,37.564899,127.087649,building
중곡동,용마산로22길 11-32,18-110,37.565024,127.087626,building
중곡동,용마산로22길 11-8,18-102,37.563999,127.087799,building
중곡동,용마산로22길 19-21,18-116,37.564649,127.08786,building
중곡동,용마산로22길 5,18-76,37.563674,127.087421,building
중곡동,용마산로22길 5-4,18-77,37.563824,127.087406,building
중곡동,용마산로22길 5-8,18-78,37.563945,127.087383,building
중곡동,용마산로24길 10,18-88,37.565125,127.087347,building
중곡동,용마산로27길 25,29-23,37.566687,127.085661,building
중곡동,용마산로28가길 10-3,296-61,37.568406,127.087126,building
중곡동,용마산로28길 51,176-17,37.567368,127.08913,building
중곡동,용마산로28길 6,18-3,37.567817,127.086516,building
중곡동,용마산로2길 41-6,90-16,37.555899,127.090332,building
중곡동,용마산로30길 21-4,293-18,37.568895,127.087349,building
중곡동,용마산로30길 29-9,293-13,37.569137,127.087512,building
중곡동,용마산로30길 32,296-2,37.568587,127.087771,building
중곡동,용마산로30길 34,296-1,37.568595,127.087932,building
중곡동,용마산로31길 12-7,194-47,37.56967,127.085291,building
중곡동,용마산로31길 27,169-5,37.569037,127.084471,building
중곡동,용마산로31길 8-4,194-2,37.569474,127.085735,building
중곡동,용마산로31길 8-5,194-34,37.569633,127.085467,building
중곡동,용마산로32길 11-5,289-5,37.569705,127.086668,building
중곡동,용마산로32길 11-6,288-35,37.569658,127.086949,building
중곡동,용마산로32길 18,293-21,37.569263,127.087347,building
중곡동,용마산로32길 31-10,287-7,37.569762,127.088135,building
중곡동,용마산로32길 31-8,287-8,37.569651,127.088135,building
중곡동,용마산로33길 14,540-4,37.570292,127.085261,building
중곡동,용마산로33길 35,196-31,37.570235,127.084066,building
중곡동,용마산로33길 5-10,194-32,37.569715,127.08548,building
중곡동,용마산로34길 11,603-6,37.570173,127.086942,building
중곡동,용마산로36길 16-6,602-12,37.570623,127.087084,building
중곡동,용마산로36길 16-8,602-11,37.570543,127.087082,building
중곡동,용마산로36길 24,601-1,37.57075,127.087631,building
중곡동,용마산로36길 28,600-12,37.570711,127.087777,building
중곡동,용마산로3길 102,138-29,37.557433,127.082848,building
중곡동,용마산로3길 20,122-11,37.556295,127.086869,building
중곡동,용마산로3길 24,121-4,37.556243,127.086671,building
중곡동,용마산로3길 65,133-13,37.556557,127.084497,building
중곡동,용마산로4길 20,91-22,37.556347,127.089355,building
중곡동,용마산로4길 34,89-24,37.556724,127.090062,building
중곡동,용마산로5길 31,121-17,37.557454,127.086129,building
중곡동,용마산로5길 55,134-11,37.557268,127.084645,building
중곡동,용마산로5길 57,134-9,37.557247,127.084518,building
중곡동,용마산로7길 56,150-233,37.560006,127.084752,building
중곡동,용마산로8가길 20-8,147-101,37.560306,127.089173,building
중곡동,용마산로8가길 38-11,148-7,37.561154,127.089315,building
중곡동,용마산로8가길 38-15,148-6,37.561105,127.089465,building
중곡동,용마산로8가길 51,150-330,37.56197,127.088359,building
중곡동,용마산로8가길 56,150-320,37.562112,127.088592,building
중곡동,용마산로8가길 70,150-28,37.562691,127.088515,building
중곡동,용마산로8가길 74,150-25,37.56293,127.088467,building
중곡동,용마산로8길 25,61-9,37.559701,127.089188,building
중곡동,용마산로8길 34,62-50,37.559434,127.089559,building
중곡동,용마산로8길 6,58-21,37.559556,127.088139,building
중곡동,용마산로8길 66,68-10,37.559252,127.091438,building
중곡동,용마산로8길 75,67-28,37.559436,127.091931,building
중곡동,용마산로8나길 5,147,37.560884,127.089133,building
중곡동,용마산로8다길 14-8,147-136,37.561162,127.089703,building
중곡동,용마산로8다길 16,147-49,37.561441,127.089477,building
중곡동,용마산로8다길 19,150-300,37.561629,127.089277,building
중곡동,용마산로8다길 20,147-50,37.561558,127.089517,building
중곡동,용마산로8다길 21,150-300,37.561853,127.089358,building
중곡동,용마산로8라길 9,147-138,37.560992,127.089781,building
중곡동,자양로43길 122-4,91-7,37.555871,127.089297,building
중곡동,자양로43길 60-3,114-15,37.553332,127.090223,building
중곡동,자양로45길 116,90-55,37.556194,127.089786,building
중곡동,자양로45길 79,94-18,37.554557,127.089793,building
중곡동,자양로51길 32,110-27,37.554269,127.092112,building
중곡동,자양로51길 34,110-14,37.554403,127.092059,building
중곡동,자양로51길 35,111-20,37.554193,127.091794,building
중곡동,자양로51길 42,110-32,37.554612,127.09168,building
중곡동,자양로51길 56-3,97-8,37.555157,127.09116,building
중곡동,자양로51길 66-4,97-17,37.555325,127.090803,building
중곡동,자양로53길 29,110-5,37.554608,127.092488,building
중곡동,자양로53길 52,98-17,37.555432,127.091656,building
중곡동,천호대로 531-1,639-4,37.558342,127.077743,building
중곡동,천호대로 537,639-6,37.558126,127.078163,building
중곡동,천호대로 559,157-6,37.557216,127.080454,building
중곡동,천호대로 621,119-9,37.554698,127.086762,building
중곡동,천호대로103길 15,633-7,37.559805,127.075401,building
중곡동,천호대로103길 19,633-8,37.559927,127.075477,building
중곡동,천호대로107길 17,642-9,37.558628,127.078554,building
중곡동,천호대로107길 21,642-11,37.558806,127.078732,building
중곡동,천호대로107길 54,644-1,37.560039,127.079645,building
중곡동,천호대로109길 15,158-4,37.557616,127.081014,building
중곡동,천호대로109길 49,160-4,37.559058,127.081777,building
중곡동,천호대로109길 53,160-3,37.559188,127.081877,building
중곡동,천호대로109길 85,48-1,37.560532,127.082631,building
중곡동,천호대로109길 9,157-17,37.557338,127.080803,building
중곡동,천호대로111길 15,142-18,37.557195,127.082179,building
중곡동,천호대로111길 36-5,138-13,37.557862,127.083081,building
중곡동,천호대로113길 13,138-5,37.557799,127.083216,building
중곡동,천호대로113길 38-11,53-3,37.558695,127.084496,building
중곡동,천호대로113길 49-2,51-49,37.55942,127.084051,building
중곡동,천호대로113길 57,51-45,37.559593,127.084288,building
중곡동,천호대로115길 33,134-46,37.557132,127.084258,building
중곡동,천호대로115길 46,134-20,37.556904,127.084893,building
중곡동,천호대로117길 19,133-21,37.556309,127.084835,building
중곡동,천호대로117길 37,134-17,37.556609,127.085304,building
중곡동,천호대로117길 6,131-12,37.555678,127.084811,building
중곡동,천호대로117길 83,54-18,37.55865,127.085237,building
중곡동,천호대로119길 31,129-41,37.556282,127.085987,building
중곡동,천호대로119길 77,128-6,37.558285,127.085645,building
중곡동,천호대로121길 36,121-50,37.556897,127.086398,building
중곡동,천호대로121길 55,127-47,37.557784,127.086082,building
중곡동,천호대로123길 43,121-8,37.556997,127.086538,building
중곡동,천호대로123길 52,122-19,37.557374,127.086814,building
중곡동,천호대로123길 58,126-52,37.557808,127.086612,building
중곡동,천호대로123길 62,126-55,37.557958,127.086641,building
중곡동,천호대로125길 55,122-6,37.55687,127.087157,building
중곡동,천호대로127길 38,112-10,37.554128,127.090761,building
중곡동,천호대로127길 41,95-8,37.55434,127.090704,building
중곡동,천호대로127길 43,96-41,37.554478,127.090834,building
중곡동,천호대로129길 35,113-9,37.553279,127.091293,building
중곡동,천호대로129길 41-2,113-6,37.553594,127.091468,building
화양동,광나루로 358,18-9,37.547792,127.06965,building
화양동,광나루로 370,116-2,37.547622,127.070896,building
화양동,광나루로 374,174,37.547521,127.071286,building
화양동,광나루로 382,111-102,37.547438,127.072075,building
화양동,광나루로 386,193,37.54735,127.072429,building
화양동,광나루로 410,527,37.546663,127.075,building
화양동,광나루로 454,302-24,37.545171,127.079559,building
화양동,광나루로12길 17,20-20,37.546912,127.067697,building
화양동,광나루로12길 20,23-37,37.546909,127.067351,building
화양동,광나루로14길 15,19-39,37.547375,127.068794,building
화양동,광나루로14길 17,19-40,37.547268,127.06874,building
화양동,광나루로14길 21-1,19-52,37.547099,127.068843,building
화양동,광나루로14길 22,20-33,37.547216,127.06844,building
화양동,광나루로14길 24,20-10,37.547193,127.068235,building
화양동,광나루로14길 30,20-11,37.546918,127.068271,building
화양동,광나루로14길 31-1,19-18,37.546772,127.068567,building
화양동,광나루로14길 33,19-13,37.546666,127.06838,building
화양동,광나루로14길 35,19-12,37.546559,127.068328,building
화양동,광나루로14길 8,21-23,37.547816,127.0687,building
화양동,광나루로16길 12,19-9,37.547115,127.069153,building
화양동,광나루로16길 19,17-68,37.546645,127.069262,building
화양동,광나루로16길 21,17-92,37.546531,127.069215,building
화양동,광나루로16길 25,17-67,37.546469,127.069063,building
화양동,광나루로16길 28,19-25,37.546484,127.068864,building
화양동,광나루로16길 6,19-2,37.547316,127.069268,building
화양동,광나루로16길 7-5,17-14,37.547216,127.069765,building
화양동,광나루로16길 8-3,19-6,37.547233,127.069043,building
화양동,광나루로16길 9-7,17-21,37.547064,127.069748,building
화양동,광나루로16길 9-9,17-20,37.547,127.069854,building
화양동,광나루로18길 15,111-37,37.546855,127.072194,building
화양동,광나루로18길 15-1,111-35,37.546809,127.072488,building
화양동,광나루로20길 34,111-89,37.545615,127.073942,building
화양동,광나루로20길 36-3,94-13,37.545343,127.07384,building
화양동,광나루로20길 38,111-40,37.545409,127.074001,building
화양동,광나루로20길 40,111-41,37.545228,127.073956,building
화양동,광나루로20길 40,93-1,37.545228,127.073956,building
화양동,광나루로22길 17-4,499-78,37.54582,127.075224,building
화양동,군자로 3,3-18,37.543858,127.071893,building
화양동,군자로 3-2,3-17,37.54373,127.071837,building
화양동,군자로 36-8,132-8,37.546342,127.071004,building
화양동,군자로 41-3,17-32,37.546845,127.069882,building
화양동,군자로 43,17-16,37.547181,127.070106,building
화양동,군자로 46,132-75,37.54724,127.070549,building
화양동,군자로3길 24-12,15-33,37.544683,127.070028,building
화양동,군자로3길 24-3,15-52,37.54443,127.069845,building
화양동,군자로3길 25-17,12-48,37.543782,127.070676,building
화양동,군자로3길 25-8,12-44,37.543983,127.070244,building
화양동,군자로3길 4,15-8,37.544944,127.070898,building
화양동,군자로4길 1,64-2,37.545438,127.070949,building
화양동,군자로5길 15-12,15-83,37.544863,127.070487,building
화양동,군자로5길 18-14,16-56,37.545722,127.069445,building
화양동,군자로5길 18-5,16-19,37.545348,127.069625,building
화양동,군자로5길 22,16-20,37.545105,127.069643,building
화양동,군자로5길 7-10,15-75,37.545048,127.070527,building
화양동,군자로5길 7-7,15-72,37.545137,127.070732,building
화양동,군자로5길 9,15-78,37.545285,127.070318,building
화양동,군자로6길 22,75-3,37.545861,127.071865,building
화양동,군자로6길 24,75-2,37.545859,127.071975,building
화양동,군자로6길 27,109-4,37.546081,127.071953,building
화양동,군자로6길 28,109-7,37.546066,127.072141,building
화양동,군자로6길 29,109-3,37.5462,127.071919,building
화양동,군자로6길 40,106,37.546029,127.072474,building
화양동,군자로6길 41,101-3,37.546058,127.072676,building
화양동,군자로6길 50,83-1,37.545674,127.072231,building
화양동,군자로6길 50-2,75-6,37.545847,127.07213,building
화양동,군자로6길 51,98-1,37.545775,127.072439,building
화양동,군자로6길 53-11,94-11,37.545834,127.072795,building
화양동,군자로6길 54,83-5,37.545583,127.072276,building
화양동,군자로7길 10,17-54,37.546351,127.069692,building
화양동,군자로7길 2-11,17-44,37.5467,127.069495,building
화양동,군자로7길 2-14,17-39,37.546886,127.069441,building
화양동,군자로7길 2-5,17-47,37.546608,127.069755,building
화양동,군자로7길 2-7,17-46,37.54665,127.069627,building
화양동,군자로7길 21,16-53,37.545812,127.069354,building
화양동,군자로7길 24,32-20,37.545908,127.069075,building
화양동,군자로7길 4,17-48,37.546526,127.069934,building
화양동,군자로7길 8,17-51,37.54643,127.069814,building
화양동,능동로 153-1,2-22,37.544571,127.07247,building
화양동,능동로 157,2-10,37.544797,127.072599,building
화양동,능동로 165-1,94-9,37.545615,127.072934,building
화양동,능동로 170,111-88,37.545694,127.073731,building
화양동,능동로 172,111-12,37.545979,127.073988,building
화양동,능동로13길 100,32-9,37.545889,127.068328,building
화양동,능동로13길 106,32-4,37.546102,127.068108,building
화양동,능동로15길 18,58-10,37.545289,127.071892,building
화양동,능동로15길 19,1-1,37.545153,127.07177,building
화양동,능동로15길 20,58-13,37.545334,127.071759,building
화양동,능동로15길 22,529,37.545367,127.071546,building
화양동,능동로15길 9,2-3,37.544964,127.07233,building
화양동,능동로16길 12,29-25,37.544793,127.07374,building
화양동,능동로16길 49,504-3,37.545295,127.075691,building
화양동,능동로17길 10,111-203,37.546393,127.073003,building
화양동,능동로17길 11,101-1,37.546237,127.072811,building
화양동,능동로17길 13,102-1,37.546301,127.07269,building
화양동,능동로17길 16,111-29,37.546475,127.072702,building
화양동,능동로17길 17,103,37.546392,127.072578,building
화양동,능동로17길 22,111-137,37.546586,127.072357,building
화양동,능동로17길 51,132-29,37.546706,127.070688,building
화양동,능동로17길 7-2,101-2,37.546073,127.072842,building
화양동,능동로17길 7-3,94-6,37.545894,127.072929,building
화양동,능동로19길 15,112-14,37.54698,127.072903,building
화양동,능동로19길 23,111-73,37.547051,127.072382,building
화양동,능동로19길 35,113-1,37.547011,127.071857,building
화양동,능동로19길 47,110-37,37.547236,127.070978,building
화양동,능동로19길 49,121-9,37.547332,127.070944,building
화양동,능동로19길 7-10,111-22,37.546573,127.073044,building
화양동,능동로19길 7-13,111-75,37.54642,127.073245,building
화양동,동일로 122,42-7,37.543274,127.065124,building
화양동,동일로 148-8,41-6,37.545221,127.06637,building
화양동,동일로 174,23-5,37.547527,127.067414,building
화양동,동일로 178,21-20,37.547816,127.067807,building
화양동,동일로22길 17-4,44-57,37.542594,127.065582,building
화양동,동일로22길 17-7,44-63,37.542744,127.065489,building
화양동,동일로22길 23-5,44-23,37.542557,127.065715,building
화양동,동일로24길 6,42-31,37.54392,127.065586,building
화양동,동일로24길 95-4,11-19,37.542608,127.070388,building
화양동,동일로26길 15,31-64,37.545368,127.066881,building
화양동,동일로26길 18,37-30,37.545164,127.067004,building
화양동,동일로26길 21,31-71,37.545267,127.067241,building
화양동,동일로26길 25,31-72,37.545218,127.067387,building
화양동,동일로26길 38-3,36-85,37.544689,127.067936,building
화양동,동일로26길 43-3,33-23,37.545047,127.068363,building
화양동,동일로26길 54,35-55,37.544557,127.068784,building
화양동,동일로26길 8,41-2,37.54538,127.066379,building
화양동,동일로28길 23,20-28,37.546573,127.068078,building
화양동,동일로28길 27,19-31,37.546465,127.068302,building
화양동,동일로28길 38,32-27,37.546171,127.068709,building
화양동,동일로28길 48,32-2,37.546056,127.069178,building
화양동,동일로28길 49-10,17-53,37.546489,127.06971,building
화양동,동일로28길 49-11,17-60,37.54657,127.069553,building
화양동,동일로28길 49-5,17-63,37.546333,127.069425,building
화양동,동일로28길 49-9,17-61,37.546449,127.069492,building
화양동,동일로28길 68-6,16-69,37.545638,127.070048,building
화양동,동일로30길 16,20-30,37.5475,127.068077,building
화양동,동일로30길 20,20-29,37.547488,127.068247,building
화양동,동일로30길 23,21-22,37.547726,127.068525,building
화양동,동일로30길 31,18-12,37.547681,127.069115,building
화양동,아차산로 205,49-12,37.541682,127.066386,building
화양동,아차산로21길 105,24-6,37.54641,127.067135,building
화양동,아차산로21길 54-4,37-91,37.544049,127.066224,building
화양동,아차산로21길 68,37-78,37.544789,127.066495,building
화양동,아차산로21길 72-5,37-56,37.544937,127.066882,building
화양동,아차산로21길 75,41-5,37.545182,127.066499,building
화양동,아차산로21길 98-3,31-19,37.546041,127.06733,building
화양동,아차산로21길 98-4,31-33,37.545891,127.067249,building
화양동,아차산로23길 48-5,36-22,37.544078,127.067378,building
화양동,아차산로23길 56,36-90,37.544427,127.067236,building
화양동,아차산로23길 58-12,36-94,37.544286,127.067724,building
화양동,아차산로23길 60,36-17,37.5446,127.067335,building
화양동,아차산로23길 68,36-4,37.544971,127.067532,building
화양동,아차산로23길 7-6,44-16,37.542684,127.065755,building
화양동,아차산로23길 79,31-43,37.545495,127.067571,building
화양동,아차산로23길 84,33-5,37.545635,127.067925,building
화양동,아차산로25길 28,46-16,37.542538,127.067178,building
화양동,아차산로25길 31,45-2,37.542867,127.067111,building
화양동,아차산로25길 57-3,36-79,37.543929,127.067391,building
화양동,아차산로25길 57-7,36-76,37.544176,127.067515,building
화양동,아차산로25길 65,36-95,37.544244,127.067839,building
화양동,아차산로25길 74-12,35-68,37.544295,127.068663,building
화양동,아차산로27길 28-5,47-33,37.542664,127.0684,building
화양동,아차산로27길 5,46-46,37.541925,127.067522,building
화양동,아차산로27길 57-3,35-46,37.544055,127.068496,building
화양동,아차산로27길 58,34-35,37.54399,127.068883,building
화양동,아차산로29길 28-3,9-42,37.542063,127.068957,building
화양동,아차산로29길 28-9,9-32,37.541866,127.069102,building
화양동,아차산로29길 29-6,47-8,37.542348,127.068359,building
화양동,아차산로29길 39-5,47-52,37.542655,127.068527,building
화양동,아차산로29길 52,10-26,37.543089,127.069362,building
화양동,아차산로29길 52-9,10-22,37.543125,127.069568,building
화양동,아차산로29길 58,10-24,37.543276,127.069457,building
화양동,아차산로29길 73-3,34-80,37.543972,127.069389,building
화양동,아차산로31길 25-3,9-78,37.542171,127.069449,building
화양동,아차산로31길 43-4,10-3,37.54311,127.069951,building
화양동,아차산로33길 67-12,12-24,37.54366,127.070799,building
화양동,아차산로33길 73-3,12-18,37.543533,127.071081,building
화양동,아차산로33길 84-4,3-93,37.543772,127.071694,building
