key,name,value,unit,base_date,verify_needed,note,source_url
MEDIAN_1P,기준중위소득 1인가구 (월),256.4238,만원,2026-01-01,N,보건복지부고시 제2025-135호,https://www.mohw.go.kr/board.es?mid=a10503000000&bid=0027&act=view&list_no=1487098
MEDIAN_1P_48,기준중위소득 1인 48%,123.0834,만원,2026-01-01,N,계산값(256.4238×0.48) 주거급여 기준,
MEDIAN_1P_60,기준중위소득 1인 60%,153.8543,만원,2026-01-01,N,계산값 국토부 청년월세 청년가구 기준,
MEDIAN_1P_150,기준중위소득 1인 150%,384.6357,만원,2026-01-01,N,계산값 서울시·광진구 월세 기준,
MEDIAN_3P,기준중위소득 3인가구 (월),535.9036,만원,2026-01-01,N,국토부 청년월세 원가구(부모+청년) 판정용 - 고시문에서 확인,https://www.mohw.go.kr/board.es?mid=a10409020000&bid=0026&list_no=1487112&act=view
URBAN_3P,도시근로자 월평균소득 3인 100%,816.8429,만원,2025년도 기준,N,LH 행복주택 입주자격 기준 (1인가구 120%·2인 110% 가산),https://apply.lh.or.kr/lhapply/cm/cntnts/cntntsView.do?mi=1201663&cntntsId=1201391
URBAN_1P,도시근로자 월평균소득 1인 100%,381.3363,만원,2025년도 기준,N,청년안심주택·청년 특별공급용 - SH 공고 표에서 확인,https://www.i-sh.co.kr/app/lay2/S48T1587C589/contents.do/
BOK_BASE_RATE,한국은행 기준금리,3.00,%,2026-08-27,N,다음 결정일 2026-10-22,https://www.bok.or.kr/portal/singl/baseRate/list.do?dataSeCd=01&menuNo=200643
CONVERSION_RATE,전월세 전환율 (기준금리+2%p),5.00,%,2026-08-27,Y,주택임대차보호법 시행령 산식 원문 확인 필요 - 보증금을 월세로 환산할 때 사용,
MARKET_JEONSE_RATE,예금은행 전세자금대출 평균금리 (신규취급),4.35,%,46235,N,"한국은행 금융기관 가중평균금리 - (예금은행 전세자금대출, 신규취급액 기준)",https://www.g-enews.com/article/Finance/2026/08/202608261217492625bb91c46fcd_1
