persona,policy_id,name,result,reason
A,P01,국토부 청년월세지원,가능,-
A,P02,서울시 청년월세지원,가능,-
A,P03,광진형 청년월세 지원,가능,-
A,P04,청년전용 버팀목 전세자금대출,해당없음,전세 전용(월세 서비스)
A,P05,청년전용 보증부월세대출,가능,-
A,P06,서울시 청년 임차보증금 이자지원,가능,-
A,P07,전세보증금 반환보증 보증료 지원,해당없음,전세 전용(월세 서비스)
A,P08,청년 부동산 중개보수 및 이사비 지원,가능,-
A,P09,청년안심주택(민간임대 특별공급),가능,-
A,P10,행복주택(청년),가능,-
A,P11,청년 매입임대,가능,-
A,P12,주거급여 청년 분리지급,탈락,소득 MEDIAN_PCT 58 (기준 0~48) / 수급가구
B,P01,국토부 청년월세지원,가능,-
B,P02,서울시 청년월세지원,탈락,소득 MEDIAN_PCT 16 (기준 48~150)
B,P03,광진형 청년월세 지원,가능,-
B,P04,청년전용 버팀목 전세자금대출,해당없음,전세 전용(월세 서비스)
B,P05,청년전용 보증부월세대출,가능,-
B,P06,서울시 청년 임차보증금 이자지원,가능,-
B,P07,전세보증금 반환보증 보증료 지원,해당없음,전세 전용(월세 서비스)
B,P08,청년 부동산 중개보수 및 이사비 지원,탈락,급여 수급 가구 제외
B,P09,청년안심주택(민간임대 특별공급),가능,-
B,P10,행복주택(청년),가능,-
B,P11,청년 매입임대,가능,-
B,P12,주거급여 청년 분리지급,가능,-
B2,P01,국토부 청년월세지원,가능,-
B2,P02,서울시 청년월세지원,탈락,소득 MEDIAN_PCT 16 (기준 48~150)
B2,P03,광진형 청년월세 지원,가능,-
B2,P04,청년전용 버팀목 전세자금대출,해당없음,전세 전용(월세 서비스)
B2,P05,청년전용 보증부월세대출,가능,-
B2,P06,서울시 청년 임차보증금 이자지원,가능,-
B2,P07,전세보증금 반환보증 보증료 지원,해당없음,전세 전용(월세 서비스)
B2,P08,청년 부동산 중개보수 및 이사비 지원,탈락,급여 수급 가구 제외
B2,P09,청년안심주택(민간임대 특별공급),가능,-
B2,P10,행복주택(청년),가능,-
B2,P11,청년 매입임대,가능,-
B2,P12,주거급여 청년 분리지급,탈락,부모 서울 거주(분리 불인정)
D,P01,국토부 청년월세지원,탈락,나이 19~34 / 소득 MEDIAN_PCT 164 (기준 0~60)
D,P02,서울시 청년월세지원,탈락,소득 MEDIAN_PCT 164 (기준 48~150)
D,P03,광진형 청년월세 지원,탈락,소득 MEDIAN_PCT 164 (기준 0~150)
D,P04,청년전용 버팀목 전세자금대출,해당없음,전세 전용(월세 서비스)
D,P05,청년전용 보증부월세대출,탈락,나이 19~34 / 소득 ANNUAL 5040 (기준 0~5000)
D,P06,서울시 청년 임차보증금 이자지원,탈락,소득 ANNUAL 5040 (기준 0~5000)
D,P07,전세보증금 반환보증 보증료 지원,해당없음,전세 전용(월세 서비스)
D,P08,청년 부동산 중개보수 및 이사비 지원,탈락,소득 MEDIAN_PCT 164 (기준 0~150)
D,P09,청년안심주택(민간임대 특별공급),가능,-
D,P10,행복주택(청년),가능,-
D,P11,청년 매입임대,탈락,소득 URBAN_PCT 110 (기준 0~100)
D,P12,주거급여 청년 분리지급,탈락,나이 19~29 / 소득 MEDIAN_PCT 164 (기준 0~48) / 수급가구
