policy_id,note
P01,독립거주 청년가구 중위 60% 이하; 원가구(부모) 중위 100% 이하 및 재산 4.7억 이하. 만30세 이상 또는 본인소득 중위 50% 이상이면 부모 심사 면제. 보증금·월세 상한은 2024.4 폐지. 공공임대 거주자 제외. 주거급여 수급 시 월차임분 차감 지급. 2026년 접수 3.30~5.29 마감. 신규 수혜자는 2028년 12월까지 지원
P02,2026 접수 5.6~5.19 마감(내년 공고 대기). 생애 1회. 1인가구 또는 청년 신혼부부. 자치구 월세·국토부 월세·청년수당·기초수급자·공공임대 거주자 제외. 민간임대 청년안심주택 거주자는 신청 가능
P03,광진구 주민등록 및 실거주. 1인가구 또는 청년 신혼부부. 2026 접수 8.18~8.28 마감(9월 말 발표). 소득순위 후 전산추첨
P04,무주택 세대주(예비 포함). 금리 연 1.0~4.3%(소득별). 보증금 80% 이내 최대 2억. 수도권 전용 85㎡ 이하. 다른 기금·전세대출 이용 중이면 불가. 병역 이행 시 최대 39세
P05,보증금대출 최대 4500 연 1.3%; 월세대출 최대 1200(월 50 이내·24개월) 월 20만까지 연 0%·초과분 1.0%. 무주택 단독세대주. 공공임대 입주 중이면 불가
P06,하나은행 대출 이자를 서울시가 최대 연 3.0% 지원·본인부담 최소 연 1.0%. 소득기준 2026.6.5부터 4000→5000 상향. 무주택 세대주(예정자 포함). 생애 1회. 공공임대·장기안심주택 제외. 버팀목 등 정부 전세대출과 중복 불가
P07,반환보증(HUG·HF·SGI) 가입·보증료 납부 후 신청. 청년은 보증료 전액(최대 40). 광진구 신청 2026.1.1~12.31(예산 소진 시 조기마감). 등록임대사업자 주택 임차인 제외. 대출 정책과 함께 받을 수 있음
P08,거래금액(보증금+월세×100) 2억 이하. 2024.1.1 이후 서울 전입 또는 서울 내 이사. 생애 1회 실비 최대 40. 부모 소유 주택 임차자·급여 수급자 제외. 군복무 시 만 42세까지. 2026 하반기 8.31 마감
P09,도시근로자 월평균소득 120% 이하·총자산 3.45억·차량 3708 이하. 본인 무소득 시 부모 합산. 일반공급은 소득·자산 미적용. 공공임대형 입주 시 월세지원 불가. 공고 시 신청
P10,도시근로자 월평균소득 100%에 1인가구 20%p 가산. 총자산 2.54억·차량 4542 이하. 공고 시 신청
P11,"순위별 소득 기준: 2순위 본인+부모 합산 100% 이하·3순위 본인 100% 이하. 자산 25400(행복주택 청년과 동일, 회차 공고마다 고시). 공고 시 신청"
P12,"부모가구가 주거급여 수급자이고 청년이 분리거주하는 경우. 나이 만19~29(만30세 미만). 미혼, 부모와 다른 시·군에 주민등록(같은 특별시·광역시 안에서 분리는 불인정), 청년 명의 임대차. 국토부 청년월세 수급 시 주거급여 월차임분 차감"
