id,sigungu,dong,dong_code,building_type,contract_type,deposit,monthly_rent,area_m2,floor,built_year,contract_date,lat,lng
R0106,강남구,역삼동,1168010100,단독다가구,월세,4000,50,32.5,2,1997,2025-10-06,37.502601,127.033108
R0014,강남구,대치동,1168010600,단독다가구,월세,5000,60,30.9,4,2006,2025-10-09,37.497185,127.053001
R0160,강남구,논현동,1168010800,아파트,전세,139000,0,112.1,18,2022,2025-10-10,37.512151,127.032644
R0173,강남구,삼성동,1168010500,아파트,월세,21500,300,66.3,10,2012,2025-10-15,37.511968,127.055284
R0183,강남구,삼성동,1168010500,오피스텔,월세,7000,110,42.3,7,1993,2025-10-15,37.506509,127.041937
R0171,강남구,역삼동,1168010100,오피스텔,전세,25000,0,41.8,16,2011,2025-10-17,37.501747,127.040437
R0057,강남구,청담동,1168010400,단독다가구,전세,12000,0,20.6,1,2003,2025-10-18,37.520039,127.052080
R0011,강남구,역삼동,1168010100,아파트,전세,152000,0,120.4,18,2010,2025-10-30,37.501287,127.029677
R0145,강남구,논현동,1168010800,아파트,월세,7000,435,88.2,14,2013,2025-10-30,37.517230,127.036935
R0007,강남구,청담동,1168010400,오피스텔,전세,35000,0,46,16,1996,2025-11-01,37.524005,127.054328
R0138,강남구,삼성동,1168010500,오피스텔,월세,5000,35,21.4,4,1990,2025-11-01,37.514077,127.062762
R0148,강남구,삼성동,1168010500,아파트,전세,119000,0,94.2,18,2009,2025-11-04,37.509519,127.049387
R0180,강남구,논현동,1168010800,단독다가구,월세,2000,45,26.6,1,2005,2025-11-08,37.509781,127.024769
R0038,강남구,삼성동,1168010500,단독다가구,월세,3500,50,27.9,3,1990,2025-11-10,37.506357,127.059096
R0073,강남구,삼성동,1168010500,단독다가구,전세,20500,0,37.6,2,1990,2025-11-10,37.513833,127.054825
R0093,강남구,삼성동,1168010500,오피스텔,전세,30500,0,49.8,15,2001,2025-11-10,37.511964,127.048096
R0027,강남구,청담동,1168010400,연립다세대,월세,9500,210,76.2,5,2020,2025-11-12,37.522487,127.047809
R0166,강남구,역삼동,1168010100,단독다가구,월세,4000,40,28.1,4,2003,2025-11-14,37.500455,127.031729
R0067,강남구,청담동,1168010400,아파트,전세,154000,0,125.7,3,1999,2025-11-17,37.527078,127.046943
R0039,강남구,대치동,1168010600,오피스텔,전세,19000,0,26.3,15,2024,2025-11-18,37.492789,127.056634
R0126,강남구,역삼동,1168010100,아파트,전세,73500,0,69.7,8,2009,2025-11-19,37.498782,127.041294
R0051,강남구,역삼동,1168010100,단독다가구,월세,1500,60,34.6,4,2017,2025-11-20,37.494200,127.032557
R0178,강남구,삼성동,1168010500,오피스텔,월세,9500,110,45.2,17,2022,2025-11-20,37.511222,127.041560
R0004,강남구,대치동,1168010600,아파트,전세,85000,0,68.3,6,2000,2025-11-21,37.497049,127.061436
R0033,강남구,삼성동,1168010500,오피스텔,월세,7500,105,42.6,14,2011,2025-11-21,37.507805,127.042090
R0158,강남구,삼성동,1168010500,오피스텔,전세,24000,0,30.6,5,1992,2025-11-23,37.508382,127.041101
R0195,강남구,논현동,1168010800,아파트,월세,7500,275,60.8,24,2019,2025-11-23,37.518782,127.027204
R0030,강남구,논현동,1168010800,단독다가구,월세,3000,30,21.6,3,2021,2025-11-25,37.515419,127.026177
R0099,강남구,대치동,1168010600,연립다세대,월세,15000,135,66.4,5,2024,2025-11-27,37.494555,127.062536
R0074,강남구,대치동,1168010600,단독다가구,월세,6000,45,36.9,2,1999,2025-11-28,37.495357,127.056636
R0056,강남구,역삼동,1168010100,아파트,전세,163500,0,120.7,25,1995,2025-11-29,37.499373,127.031201
R0061,강남구,역삼동,1168010100,연립다세대,월세,7500,95,61.2,1,2008,2025-11-29,37.497227,127.035591
R0117,강남구,청담동,1168010400,아파트,전세,113000,0,87.3,16,1995,2025-11-30,37.520377,127.050828
R0047,강남구,청담동,1168010400,아파트,월세,9500,475,101.3,20,1992,2025-12-05,37.521369,127.056588
R0024,강남구,대치동,1168010600,아파트,전세,141000,0,123.3,18,2023,2025-12-06,37.493643,127.055505
R0128,강남구,삼성동,1168010500,단독다가구,월세,3000,35,18.6,2,2021,2025-12-07,37.510918,127.054664
R0020,강남구,논현동,1168010800,오피스텔,전세,36000,0,56.2,19,1991,2025-12-09,37.514055,127.024351
R0109,강남구,대치동,1168010600,아파트,전세,191500,0,130.4,4,1988,2025-12-09,37.495023,127.061511
R0107,강남구,청담동,1168010400,오피스텔,월세,3500,205,56.7,13,2006,2025-12-11,37.523067,127.044469
R0070,강남구,논현동,1168010800,아파트,전세,116500,0,108.2,14,1987,2025-12-12,37.514271,127.034445
R0045,강남구,논현동,1168010800,아파트,월세,13500,560,119.8,16,1993,2025-12-16,37.516688,127.019659
R0181,강남구,역삼동,1168010100,오피스텔,전세,19500,0,31.8,11,2008,2025-12-21,37.497618,127.037480
R0133,강남구,삼성동,1168010500,아파트,월세,31000,505,122.1,5,1995,2025-12-28,37.514339,127.063352
R0098,강남구,삼성동,1168010500,아파트,월세,5000,360,71.5,13,1994,2025-12-29,37.511190,127.060232
R0127,강남구,청담동,1168010400,아파트,월세,33000,270,69.2,25,2015,2025-12-29,37.519112,127.048878
R0186,강남구,역삼동,1168010100,아파트,전세,80000,0,71.8,19,1999,2025-12-31,37.501906,127.027659
R0046,강남구,역삼동,1168010100,아파트,전세,130000,0,107.8,9,1991,2026-01-06,37.494547,127.039617
R0130,강남구,논현동,1168010800,오피스텔,월세,8000,80,36.1,3,1991,2026-01-06,37.506221,127.019404
R0179,강남구,대치동,1168010600,아파트,전세,130500,0,85,10,1984,2026-01-09,37.498558,127.060013
R0137,강남구,청담동,1168010400,아파트,전세,99500,0,72.2,7,2009,2026-01-10,37.520386,127.041955
R0064,강남구,대치동,1168010600,아파트,전세,134500,0,90.6,15,1994,2026-01-11,37.499395,127.066495
R0177,강남구,청담동,1168010400,오피스텔,월세,7000,75,34.8,14,2012,2026-01-12,37.519282,127.054811
R0092,강남구,청담동,1168010400,아파트,전세,100000,0,75,25,2004,2026-01-13,37.521328,127.049070
R0036,강남구,역삼동,1168010100,단독다가구,월세,1500,30,19.7,3,2024,2026-01-15,37.499549,127.027130
R0161,강남구,역삼동,1168010100,오피스텔,월세,6000,110,43.4,12,2002,2026-01-19,37.494234,127.032854
R0104,강남구,대치동,1168010600,아파트,월세,17500,630,125.8,15,2008,2026-01-21,37.493717,127.066739
R0054,강남구,대치동,1168010600,단독다가구,월세,4000,45,33.8,1,2014,2026-01-22,37.500242,127.066114
R0040,강남구,논현동,1168010800,아파트,전세,159000,0,127.1,14,2000,2026-01-24,37.512580,127.031452
R0017,강남구,청담동,1168010400,오피스텔,월세,6500,75,33.1,5,2019,2026-01-25,37.528929,127.040350
R0034,강남구,대치동,1168010600,아파트,월세,64000,520,117.9,22,2023,2026-01-26,37.494036,127.065632
R0008,강남구,삼성동,1168010500,오피스텔,월세,6500,85,39.7,8,2001,2026-01-27,37.510153,127.053685
R0118,강남구,삼성동,1168010500,아파트,월세,13500,370,82.7,22,2024,2026-01-30,37.511387,127.054468
R0043,강남구,삼성동,1168010500,아파트,전세,126000,0,100.4,16,1995,2026-02-04,37.510075,127.043942
R0131,강남구,역삼동,1168010100,오피스텔,월세,4000,120,41.9,10,1990,2026-02-04,37.495417,127.032510
R0198,강남구,삼성동,1168010500,오피스텔,전세,15500,0,22,8,1996,2026-02-04,37.512929,127.047386
R0184,강남구,대치동,1168010600,연립다세대,전세,34000,0,53.1,1,1990,2026-02-09,37.497699,127.054860
R0028,강남구,삼성동,1168010500,아파트,월세,46000,400,109.7,9,2004,2026-02-10,37.506029,127.046025
R0187,강남구,청담동,1168010400,연립다세대,월세,5000,95,45.2,2,1992,2026-02-13,37.519948,127.054443
R0162,강남구,청담동,1168010400,단독다가구,월세,1000,90,37,3,1999,2026-02-15,37.520241,127.047072
R0129,강남구,대치동,1168010600,오피스텔,전세,46500,0,56.7,5,1994,2026-02-18,37.500789,127.052364
R0182,강남구,청담동,1168010400,연립다세대,월세,7000,130,70.2,4,2022,2026-02-20,37.525427,127.053487
R0078,강남구,삼성동,1168010500,오피스텔,월세,2500,85,38.6,8,2023,2026-02-21,37.515330,127.049137
R0197,강남구,청담동,1168010400,연립다세대,전세,19000,0,32.1,3,1995,2026-02-22,37.524923,127.040933
R0018,강남구,삼성동,1168010500,아파트,월세,33500,335,84.4,2,1998,2026-02-24,37.505496,127.058419
R0025,강남구,논현동,1168010800,아파트,전세,106000,0,82.2,12,2024,2026-02-24,37.509958,127.027871
R0053,강남구,삼성동,1168010500,단독다가구,월세,7500,55,38.7,1,2000,2026-02-24,37.505678,127.043977
R0075,강남구,논현동,1168010800,아파트,월세,15500,215,68.2,14,1989,2026-02-24,37.505182,127.032287
R0143,강남구,삼성동,1168010500,오피스텔,월세,6000,60,29.4,8,2012,2026-02-25,37.508291,127.047673
R0090,강남구,논현동,1168010800,오피스텔,월세,1500,80,29.1,2,2013,2026-02-28,37.518644,127.034524
R0063,강남구,삼성동,1168010500,오피스텔,전세,23000,0,29.6,16,1990,2026-03-02,37.513235,127.059161
R0153,강남구,삼성동,1168010500,아파트,월세,37000,285,79.9,13,2022,2026-03-02,37.512024,127.056329
R0050,강남구,논현동,1168010800,연립다세대,월세,7500,55,34.8,4,2008,2026-03-05,37.511237,127.029201
R0147,강남구,청담동,1168010400,오피스텔,전세,46000,0,58.8,14,2011,2026-03-05,37.528624,127.043148
R0150,강남구,논현동,1168010800,단독다가구,월세,2500,40,21.2,3,2016,2026-03-05,37.516102,127.036223
R0124,강남구,대치동,1168010600,아파트,월세,27500,650,125,3,1994,2026-03-06,37.491025,127.058023
R0019,강남구,대치동,1168010600,연립다세대,월세,10000,160,80.8,4,2012,2026-03-07,37.492272,127.053901
R0041,강남구,역삼동,1168010100,연립다세대,월세,2500,95,52.9,2,2008,2026-03-10,37.497846,127.033943
R0115,강남구,논현동,1168010800,연립다세대,월세,7000,60,42,5,2021,2026-03-10,37.509447,127.019816
R0103,강남구,삼성동,1168010500,오피스텔,월세,7500,65,32.3,11,1999,2026-03-11,37.508969,127.054236
R0155,강남구,논현동,1168010800,연립다세대,월세,10500,105,67.6,2,2023,2026-03-12,37.507744,127.021338
R0029,강남구,대치동,1168010600,오피스텔,월세,3500,55,26.5,12,2018,2026-03-14,37.498554,127.060982
R0079,강남구,대치동,1168010600,단독다가구,전세,22000,0,39.7,3,2003,2026-03-17,37.499447,127.053839
R0196,강남구,역삼동,1168010100,연립다세대,전세,38500,0,65.7,3,2020,2026-03-18,37.502616,127.027008
R0142,강남구,청담동,1168010400,단독다가구,전세,15000,0,30.4,2,2019,2026-03-19,37.521604,127.051851
R0091,강남구,역삼동,1168010100,오피스텔,월세,2500,160,56.3,16,1996,2026-03-22,37.494949,127.034151
R0149,강남구,대치동,1168010600,아파트,월세,17000,385,93.8,24,1995,2026-03-22,37.499301,127.063618
R0159,강남구,대치동,1168010600,아파트,전세,170000,0,134.5,1,1993,2026-03-27,37.491389,127.064681
R0013,강남구,삼성동,1168010500,단독다가구,월세,8000,55,37.5,1,2018,2026-04-01,37.506281,127.043604
R0088,강남구,삼성동,1168010500,연립다세대,월세,6500,145,56.7,3,2000,2026-04-03,37.510480,127.058891
R0122,강남구,청담동,1168010400,아파트,월세,33500,450,112.8,6,2000,2026-04-03,37.527293,127.049447
R0059,강남구,대치동,1168010600,연립다세대,전세,27000,0,54.6,3,2004,2026-04-07,37.494483,127.054773
R0077,강남구,청담동,1168010400,오피스텔,월세,5500,95,31.7,17,2006,2026-04-07,37.520513,127.044125
R0112,강남구,청담동,1168010400,연립다세대,전세,16500,0,30.9,3,2023,2026-04-11,37.520790,127.055929
R0021,강남구,역삼동,1168010100,연립다세대,월세,11500,125,82.1,2,2012,2026-04-13,37.495002,127.036662
R0100,강남구,논현동,1168010800,오피스텔,전세,21500,0,39.6,2,2004,2026-04-13,37.514042,127.036278
R0135,강남구,논현동,1168010800,연립다세대,월세,6500,70,43.3,4,2008,2026-04-13,37.513117,127.032552
R0015,강남구,논현동,1168010800,오피스텔,월세,2500,55,23.5,13,1993,2026-04-14,37.516477,127.033554
R0081,강남구,역삼동,1168010100,아파트,월세,14000,415,84.5,24,2002,2026-04-14,37.501867,127.044211
R0113,강남구,삼성동,1168010500,아파트,전세,86500,0,66.3,22,2023,2026-04-15,37.509030,127.048491
R0076,강남구,역삼동,1168010100,단독다가구,월세,4500,30,21.9,3,2001,2026-04-18,37.494104,127.031897
R0175,강남구,논현동,1168010800,오피스텔,월세,2000,55,21.8,16,2004,2026-04-21,37.510870,127.025023
R0044,강남구,대치동,1168010600,단독다가구,월세,3000,30,15.9,4,1994,2026-04-24,37.502663,127.050892
R0089,강남구,대치동,1168010600,단독다가구,월세,3000,30,20.6,1,1999,2026-04-27,37.491942,127.054444
R0066,강남구,역삼동,1168010100,아파트,전세,134500,0,120.9,2,2019,2026-04-29,37.500620,127.040289
R0108,강남구,삼성동,1168010500,단독다가구,전세,8100,0,18.1,2,2004,2026-04-29,37.508557,127.063965
R0006,강남구,역삼동,1168010100,오피스텔,전세,37500,0,51.9,20,1995,2026-04-30,37.496854,127.030122
R0123,강남구,삼성동,1168010500,오피스텔,전세,38000,0,49.7,16,1996,2026-04-30,37.513253,127.041352
R0065,강남구,논현동,1168010800,오피스텔,월세,2000,105,49.4,10,2015,2026-05-03,37.507960,127.032075
R0169,강남구,대치동,1168010600,오피스텔,월세,5000,65,30,5,2010,2026-05-04,37.492198,127.049717
R0172,강남구,청담동,1168010400,연립다세대,전세,31000,0,58.1,1,2023,2026-05-06,37.524675,127.048896
R0001,강남구,역삼동,1168010100,오피스텔,전세,30000,0,49.5,13,2001,2026-05-07,37.494199,127.038619
R0037,강남구,청담동,1168010400,아파트,전세,198500,0,129,21,1997,2026-05-07,37.527097,127.054218
R0114,강남구,대치동,1168010600,오피스텔,전세,35500,0,49.7,11,1996,2026-05-07,37.498569,127.061711
R0194,강남구,대치동,1168010600,오피스텔,월세,7500,60,29.7,15,2013,2026-05-08,37.494154,127.057356
R0032,강남구,청담동,1168010400,연립다세대,전세,38000,0,58.5,3,2000,2026-05-11,37.522667,127.047975
R0116,강남구,역삼동,1168010100,오피스텔,전세,38500,0,59.6,9,1997,2026-05-11,37.493562,127.038006
R0026,강남구,역삼동,1168010100,오피스텔,월세,2000,155,56.6,9,2011,2026-05-12,37.493688,127.039432
R0083,강남구,삼성동,1168010500,아파트,월세,24500,355,69.4,5,1987,2026-05-19,37.509983,127.048503
R0199,강남구,대치동,1168010600,오피스텔,월세,6500,65,28.3,6,2013,2026-05-19,37.502109,127.059701
R0096,강남구,역삼동,1168010100,연립다세대,전세,44500,0,82.4,1,1993,2026-05-20,37.499404,127.036492
R0016,강남구,역삼동,1168010100,연립다세대,월세,1500,65,30.1,4,2012,2026-05-22,37.498374,127.035926
R0060,강남구,논현동,1168010800,오피스텔,전세,27500,0,46.3,13,2018,2026-05-22,37.512380,127.030382
R0170,강남구,논현동,1168010800,연립다세대,월세,7000,60,38.7,3,2017,2026-05-27,37.511374,127.034749
R0105,강남구,논현동,1168010800,오피스텔,전세,14000,0,24.3,6,2002,2026-05-28,37.512203,127.035286
R0132,강남구,청담동,1168010400,아파트,전세,121500,0,89.2,7,2018,2026-05-28,37.522424,127.049901
R0134,강남구,대치동,1168010600,아파트,월세,42000,445,92.6,21,1993,2026-05-31,37.498502,127.062000
R0087,강남구,청담동,1168010400,연립다세대,월세,21000,175,82.1,2,2003,2026-06-03,37.524111,127.043516
R0146,강남구,역삼동,1168010100,단독다가구,월세,1000,75,36.1,1,2011,2026-06-11,37.500289,127.041220
R0012,강남구,청담동,1168010400,오피스텔,월세,5500,70,24,6,2005,2026-06-17,37.521029,127.055970
R0095,강남구,논현동,1168010800,아파트,전세,95000,0,93.8,14,2009,2026-06-18,37.513982,127.033387
R0101,강남구,역삼동,1168010100,오피스텔,월세,6500,115,42.3,4,2007,2026-06-19,37.500321,127.030096
R0154,강남구,대치동,1168010600,오피스텔,전세,28000,0,40.3,19,1993,2026-06-19,37.491720,127.052249
R0071,강남구,역삼동,1168010100,오피스텔,월세,5000,95,51.3,15,2008,2026-06-20,37.500909,127.044874
R0086,강남구,역삼동,1168010100,아파트,월세,19500,670,133.6,24,1991,2026-06-20,37.502879,127.036519
R0157,강남구,청담동,1168010400,아파트,월세,17500,620,112.7,2,2003,2026-06-20,37.520883,127.055334
R0009,강남구,대치동,1168010600,아파트,전세,173000,0,118.2,12,1995,2026-06-22,37.500186,127.057403
R0191,강남구,역삼동,1168010100,아파트,전세,71000,0,68.7,18,1995,2026-06-23,37.493363,127.032379
R0141,강남구,역삼동,1168010100,연립다세대,전세,33500,0,51.7,4,2016,2026-06-24,37.500976,127.034985
R0058,강남구,삼성동,1168010500,오피스텔,전세,24000,0,33.6,5,2024,2026-06-30,37.509957,127.058825
R0055,강남구,논현동,1168010800,연립다세대,월세,7500,170,83.5,2,1992,2026-07-04,37.505111,127.029992
R0176,강남구,역삼동,1168010100,단독다가구,월세,7000,60,37.2,4,2008,2026-07-04,37.493934,127.038416
R0121,강남구,역삼동,1168010100,연립다세대,전세,31500,0,70.2,2,2001,2026-07-06,37.494448,127.034020
R0023,강남구,삼성동,1168010500,아파트,전세,92000,0,68.7,21,2003,2026-07-08,37.506952,127.052227
R0069,강남구,대치동,1168010600,아파트,월세,7000,340,68.9,11,1994,2026-07-08,37.495877,127.065405
R0185,강남구,논현동,1168010800,오피스텔,월세,5500,60,30.8,6,2023,2026-07-10,37.505842,127.021377
R0072,강남구,청담동,1168010400,오피스텔,전세,41500,0,59.6,19,2008,2026-07-12,37.522651,127.052174
R0139,강남구,대치동,1168010600,단독다가구,월세,3000,30,19.1,2,2016,2026-07-12,37.499375,127.047579
R0084,강남구,대치동,1168010600,오피스텔,월세,5500,90,45.9,20,2024,2026-07-14,37.491566,127.064917
R0110,강남구,논현동,1168010800,오피스텔,전세,15000,0,28.3,3,2000,2026-07-17,37.517322,127.021455
R0192,강남구,청담동,1168010400,단독다가구,월세,4500,35,20.6,4,2018,2026-07-19,37.523471,127.054601
R0068,강남구,삼성동,1168010500,연립다세대,월세,2500,180,62.9,1,2024,2026-07-20,37.507746,127.041320
R0136,강남구,역삼동,1168010100,연립다세대,전세,20500,0,42.1,2,2000,2026-07-21,37.496021,127.039901
R0188,강남구,삼성동,1168010500,아파트,전세,126000,0,103.7,2,1985,2026-07-24,37.508817,127.055920
R0193,강남구,삼성동,1168010500,아파트,월세,53000,415,101.3,10,2001,2026-07-24,37.507276,127.064882
R0003,강남구,삼성동,1168010500,연립다세대,월세,1500,105,39.9,5,1993,2026-07-28,37.512907,127.055968
R0042,강남구,청담동,1168010400,아파트,전세,116500,0,101,24,1985,2026-07-31,37.525109,127.047023
R0163,강남구,삼성동,1168010500,단독다가구,월세,4000,35,26.1,3,1998,2026-08-04,37.514019,127.041845
R0002,강남구,청담동,1168010400,아파트,월세,34000,540,106.5,8,2019,2026-08-08,37.527182,127.053379
R0111,강남구,역삼동,1168010100,단독다가구,전세,13500,0,31.8,1,2005,2026-08-10,37.500141,127.033444
R0144,강남구,대치동,1168010600,오피스텔,전세,20500,0,30.1,2,2022,2026-08-11,37.494320,127.054274
R0168,강남구,삼성동,1168010500,연립다세대,월세,10000,100,44.5,2,1999,2026-08-14,37.512058,127.048693
R0010,강남구,논현동,1168010800,연립다세대,전세,27500,0,55.8,4,2004,2026-08-17,37.506959,127.033124
R0085,강남구,논현동,1168010800,아파트,월세,29000,245,70.9,10,1989,2026-08-17,37.506262,127.024964
R0119,강남구,대치동,1168010600,오피스텔,월세,9500,90,35.9,13,2007,2026-08-18,37.498007,127.060436
R0125,강남구,논현동,1168010800,연립다세대,전세,28500,0,47.8,4,2008,2026-08-19,37.515427,127.036039
R0048,강남구,삼성동,1168010500,연립다세대,월세,1000,75,31.9,4,1997,2026-08-20,37.515473,127.055435
R0062,강남구,청담동,1168010400,오피스텔,전세,21500,0,25.5,17,2019,2026-08-20,37.519554,127.055595
R0156,강남구,역삼동,1168010100,연립다세대,전세,31500,0,60.8,4,2007,2026-08-20,37.494929,127.043608
R0031,강남구,역삼동,1168010100,연립다세대,월세,1500,105,40.2,1,2010,2026-08-24,37.500412,127.031954
R0049,강남구,대치동,1168010600,연립다세대,전세,37000,0,55.2,4,1999,2026-08-28,37.493545,127.054768
R0082,강남구,청담동,1168010400,아파트,전세,127000,0,90.7,9,2020,2026-08-28,37.523018,127.043250
R0035,강남구,논현동,1168010800,아파트,전세,135500,0,115.2,22,2011,2026-08-29,37.506879,127.024700
R0189,강남구,대치동,1168010600,아파트,전세,77500,0,60.4,21,2014,2026-08-29,37.501534,127.055752
R0200,강남구,논현동,1168010800,연립다세대,월세,8500,100,68.6,2,1996,2026-08-30,37.514834,127.030467
R0022,강남구,청담동,1168010400,연립다세대,월세,4000,65,34.4,4,2021,2026-08-31,37.527158,127.040505
R0052,강남구,청담동,1168010400,오피스텔,월세,9000,115,44.3,20,2009,2026-09-01,37.525435,127.056929
R0174,강남구,대치동,1168010600,아파트,전세,171000,0,132.3,22,2023,2026-09-02,37.492456,127.064225
R0152,강남구,청담동,1168010400,오피스텔,전세,37000,0,42.9,10,1994,2026-09-03,37.524449,127.042399
R0190,강남구,논현동,1168010800,아파트,월세,31000,305,94,19,1992,2026-09-05,37.515835,127.032651
R0005,강남구,논현동,1168010800,단독다가구,월세,2500,50,24.2,2,1991,2026-09-06,37.509750,127.024583
R0165,강남구,논현동,1168010800,오피스텔,월세,2000,80,28.8,3,2021,2026-09-06,37.509335,127.032895
R0102,강남구,청담동,1168010400,아파트,월세,11000,610,113.9,8,2010,2026-09-07,37.520890,127.047026
R0140,강남구,논현동,1168010800,단독다가구,전세,12500,0,27.3,4,2019,2026-09-09,37.508040,127.032637
R0151,강남구,역삼동,1168010100,오피스텔,월세,2000,85,27.7,12,2009,2026-09-12,37.497029,127.028605
R0097,강남구,청담동,1168010400,단독다가구,전세,18000,0,29.5,4,1995,2026-09-15,37.522632,127.041370
R0080,강남구,논현동,1168010800,아파트,전세,130500,0,110,1,1998,2026-09-16,37.507280,127.033832
R0094,강남구,대치동,1168010600,아파트,전세,109500,0,92.4,14,1989,2026-09-18,37.501259,127.063469
R0120,강남구,논현동,1168010800,오피스텔,월세,3000,70,29.8,15,2014,2026-09-19,37.511020,127.032482
R0167,강남구,청담동,1168010400,연립다세대,월세,9000,155,75.8,4,2007,2026-09-19,37.524193,127.055304
R0164,강남구,대치동,1168010600,단독다가구,월세,2500,45,24.2,3,1995,2026-09-23,37.500215,127.051822
